Aioli,3,vitlöksklyfta,5,st
Aioli,4,äggula,1,st
Aioli,5,salt,1,krm
Aioli,6,olivolja,1,dl
Aioli,8,citronsaft,10,drp
Ambrosiakaka,2,socker,1,dl
Ambrosiakaka,2,ägg,3,st
Ambrosiakaka,3,smör,125,g
Ambrosiakaka,4,bakpulver,1,tsk
Ambrosiakaka,4,vetemjöl,100,g
Ambrosiakaka,8,apelsin,1,st
Ambrosiakaka,8,florsocker,1,dl
Ambrosiakaka,9,apelsinskal,1,påse
Banankaka,1,banan,2,st
Banankaka,1,socker,1,dl
Banankaka,2,grädde,4,msk
Banankaka,2,margarin,50,g
Banankaka,2,ägg,1,st
Banankaka,3,bakpulver,2,tsk
Banankaka,3,vaniljsocker,1,tsk
Banankaka,3,vetemjöl,2,dl
Banankaka,5,gelatinblad,2,st
Banankaka,6,apelsinsaft,2,dl
Banankaka,7,banan,2,st
Banankaka,9,grädde,2,dl
Biff med bacon,1,köttfärs,400,g
Biff med bacon,1,mjölk,1,dl
Biff med bacon,1,salt,1,tsk
Biff med bacon,1,ströbröd,0.5,dl
Biff med bacon,1,vitpeppar,1,krm
Biff med bacon,1,ägg,1,st
Biff med bacon,2,lök,1,msk
Biff med bacon,3,bacon,8,skivor
Biff med bacon,4,smör,1,msk
Biff rydberg,1,potatis,10,st
Biff rydberg,11,svartpeppar,3,krm
Biff rydberg,11,worcestershiresås,5,droppar
Biff rydberg,12,persilja,1,knippa
Biff rydberg,13,äggula,4,st
Biff rydberg,3,oxfilé,600,g
Biff rydberg,4,gul lök,1,st
Biff rydberg,5,smör,2,msk
Biff rydberg,7,peppar,1,krm
Biff rydberg,7,salt,1,tsk
Biff rydberg,9,smör,2,msk
Blodpudding special,1,äpplen,6,st
Blodpudding special,2,bacon,600,g
Blodpudding special,5,timjan,1,kruka
Blodpudding special,6,blodpudding,600,g
Blodpudding special,6,smör,40,g
Blodpudding special,8,lingon,1,dl
Blomkåls-Jansson,1,smör,1,msk
Blomkåls-Jansson,2,ansjovisfiléer,125,g
Blomkåls-Jansson,2,blomkål,1,kg
Blomkåls-Jansson,2,bröd,3,dl
Blomkåls-Jansson,2,gul lök,1,st
Blomkåls-Jansson,2,hackad mandel,2,dl
Blomkåls-Jansson,3,grädde,3,dl
Blomkåls-Jansson,3,salt,0.5,tsk
Blomkåls-Jansson,3,svartpeppar,1,krm
Blomkåls-Jansson,3,vatten,1,dl
Blomkåls-Jansson,4,västerbottensost,2,dl
Blomkålspuré,1,blomkålshuvud,1,st
Blomkålspuré,2,gräddfil,1,dl
Blomkålspuré,2,smör,2,msk
Blomkålspuré,3,salt,1,tsk
Blomkålspuré,3,vitpeppar,1,krm
Boeuf Bourguignon,11,lagerblad,1.2999999523162842,st
Boeuf Bourguignon,11,persiljekvistar,1,st
Boeuf Bourguignon,11,steksnöre,1,st
Boeuf Bourguignon,11,timjankvistar,1,st
Boeuf Bourguignon,13,persilja,0.699999988079071,dl
Boeuf Bourguignon,14,potatis,600,g
Boeuf Bourguignon,2,morot,0.699999988079071,st
Boeuf Bourguignon,3,nöt,0.699999988079071,kg
Boeuf Bourguignon,3,peppar,2,krm
Boeuf Bourguignon,3,salt,2,krm
Boeuf Bourguignon,3,smör,1.2999999523162842,msk
Boeuf Bourguignon,4,tomatpuré,0.699999988079071,msk
Boeuf Bourguignon,5,vetemjöl,1.2999999523162842,msk
Boeuf Bourguignon,6,balsamvinäger,0.30000001192092896,dl
Boeuf Bourguignon,7,kalvbuljong,1.2999999523162842,dl
Boeuf Bourguignon,7,rödvin,5,dl
Boeuf Bourguignon,8,bacon,280,g
Boeuf Bourguignon,8,champinjoner,130,g
Boeuf Bourguignon,8,syltlök,275,g
Boeuf Bourguignon,8,vitlöksklyftor,1.5,st
Br. Jacobs fläskfilé,1,fläskfilé,900,g
Br. Jacobs fläskfilé,10,persilja hackad,3,msk
Br. Jacobs fläskfilé,11,crème fraiche,2,dl
Br. Jacobs fläskfilé,11,grädde,1,dl
Br. Jacobs fläskfilé,12,riven ost,1,dl
Br. Jacobs fläskfilé,2,buljong,1,st
Br. Jacobs fläskfilé,6,smör,1,msk
Br. Jacobs fläskfilé,7,champinjonkräm,1,brk
Br. Jacobs fläskfilé,8,sherry,1,msk
Br. Jacobs fläskfilé,9,champinjoner,200,g
Cajunsallad,1,pastramin,1,hg
Cajunsallad,12,musslor,150,g
Cajunsallad,12,räkor,300,g
Cajunsallad,13,blekselleri,3,st
Cajunsallad,13,salladsblad,4,st
Cajunsallad,14,koriander,1,krm
Cajunsallad,2,kabanossen,1,hg
Cajunsallad,4,blekselleri,2,dl
Cajunsallad,4,grön paprika,1,st
Cajunsallad,4,gul lök,1,st
Cajunsallad,4,gul paprika,1,st
Cajunsallad,4,röd paprika,1,st
Cajunsallad,5,ris vild,200,g
Cajunsallad,7,grönsaksjuice,3,dl
Cajunsallad,9,cayennepeppar,1,krm
Cajunsallad,9,koriander,1,krm
Cajunsallad,9,kummin,1,krm
Cajunsallad,9,lagerblad,1,st
Cajunsallad,9,mejram,1,krm
Cajunsallad,9,oregano,1,krm
Cajunsallad,9,salt,1,tsk
Cajunsallad,9,svartpeppar,1,krm
Cajunsallad,9,timjan,1,krm
Champinjonpotatis,1,potatis,10,st
Champinjonpotatis,3,champinjonsoppa,300,g
Champinjonpotatis,3,matlagningsgrädde,2.5,dl
Champinjonpotatis,4,matfett,1,tsk
Champinjonpotatis,6,dragon,2,tsk
Champinjonpotatis,6,riven ost,1,dl
Champinjonsoppa,1,champinjoner,400,g
Champinjonsoppa,10,cayennepeppar,1,krm
Champinjonsoppa,10,salt,1,krm
Champinjonsoppa,10,sherry,1,msk
Champinjonsoppa,11,persilja,0.5,bunt
Champinjonsoppa,3,gul lök,1,st
Champinjonsoppa,4,margarin,1,msk
Champinjonsoppa,6,vetemjöl,3,msk
Champinjonsoppa,7,grönsaksbuljong,1,st
Champinjonsoppa,8,ost,200,g
Champinjonsoppa,9,vatten,6,dl
Chili con carne,1,gul lök,2,st
Chili con carne,1,matolja,2,msk
Chili con carne,2,vitlöksklyfta,2,st
Chili con carne,3,blandfärs,400,g
Chili con carne,4,chilipulver,1,msk
Chili con carne,4,oregano,1,tsk
Chili con carne,4,oxbuljong,1,st
Chili con carne,4,tomatpuré,1,dl
Chili con carne,4,vatten,1,dl
Chili con carne,6,vita bönor,900,g
Chili con carne,7,cayennepeppar,1,krm
Chili con carne,7,salt,1,tsk
Chili con carne,7,svartpeppar,1,krm
Chokladsås,1,choklad,175,g
Chokladsås,2,farin,50,g
Chokladsås,2,kaffepulver,1,tsk
Chokladsås,2,mjölk,2,dl
Citronyoghurt,1,citronskal rivet,1,tsk
Citronyoghurt,1,honung,2,tsk
Citronyoghurt,1,vitlöksklyfta,0.5,st
Citronyoghurt,1,yoghurt turkisk 10 %,2,dl
Citronyoghurt,2,salt,2,krm
Citronyoghurt,2,svartpeppar,1,krm
Clam chowder,1,fläsk,50,g
Clam chowder,10,salt,0,
Clam chowder,10,vitpeppar,0,
Clam chowder,11,grädde,1,dl
Clam chowder,12,persilja,0,
Clam chowder,2,gul lök,2,st
Clam chowder,2,potatis,4,st
Clam chowder,4,lagerblad,1,st
Clam chowder,4,vatten,8,dl
Clam chowder,4,vitpepparkorn,5,st
Clam chowder,5,buljong,1,st
Clam chowder,9,musslor,250,g
Coq au vin,1,ungtupp,1,st
Coq au vin,10,rödvin,3,dl
Coq au vin,11,blekselleri,1,bit
Coq au vin,11,lagerblad,1,st
Coq au vin,11,persilja,3,st
Coq au vin,11,timjan,1,kvist
Coq au vin,11,vitpepparkorn,4,st
Coq au vin,13,champinjoner,20,st
Coq au vin,14,pärllök,20,st
Coq au vin,17,arrowrotmjöl,1,tsk
Coq au vin,18,salt,0,
Coq au vin,18,vitpeppar,0,
Coq au vin,2,mjöl,3,msk
Coq au vin,2,salt,1,tsk
Coq au vin,2,vitpeppar,0,tsk
Coq au vin,4,rökt sidfläsk,100,g
Coq au vin,6,smör,1,msk
Coq au vin,8,gul lök,1,st
Crepe,2,majsstärkelse,2,msk
Crepe,2,salt,0.5,tsk
Crepe,2,vetemjöl,5.5,dl
Crepe,2,växtbaserad mjölk,8,dl
Crepe,5,champinjoner,250,g
Crepe,5,lök,1,st
Crepe,5,olja,1,msk
Crepe,6,peppar,1,krm
Crepe,6,salt,1,krm
Crepe,6,soja,1,msk
Crepe,6,tofu,270,g
Crepe,6,växtbaserad  matlagningsgrädde,1,dl
Crepe,7,vegansk ost,1,tsk
Curryfisk i krämig sås,1,ris,3,dl
Curryfisk i krämig sås,2,purjolök,0.5,st
Curryfisk i krämig sås,2,röd paprika,1,st
Curryfisk i krämig sås,3,curry,1,msk
Curryfisk i krämig sås,3,mango chutney,1,msk
Curryfisk i krämig sås,4,crème fraiche,2,dl
Curryfisk i krämig sås,5,torsk,600,g
Currygryta,1,fläsk,500,g
Currygryta,10,räkor,100,g
Currygryta,2,gul lök,1,st
Currygryta,3,purjolök,1,st
Currygryta,4,smör,2,msk
Currygryta,5,curry,1,msk
Currygryta,6,banan,1,st
Currygryta,7,crème fraiche,2,dl
Currygryta,8,oxbuljong,2,dl
Currykyckling,1,kycklingfilé,500,g
Currykyckling,2,gul lök,1,st
Currykyckling,4,curry,1,msk
Currykyckling,5,kycklingbuljong,1,trn
Currykyckling,5,vatten,2,dl
Currykyckling,8,crème fraiche,2,dl
Currykyckling,8,vatten,1,dl
Currykyckling,8,vetemjöl,1,msk
Currykyckling,9,avokado,2,st
Curryrostade morötter,11,couscous,4,pers
Curryrostade morötter,13,citronsaft,2,msk
Curryrostade morötter,13,curry,1,tsk
Curryrostade morötter,13,honung,2,msk
Curryrostade morötter,13,majonnäs,1.5,dl
Curryrostade morötter,13,salt,1,krm
Curryrostade morötter,17,aprikoser,1,dl
Curryrostade morötter,17,dill,1,kruka
Curryrostade morötter,3,chiliflakes,1,msk
Curryrostade morötter,3,curry,4,tsk
Curryrostade morötter,3,smör,100,g
Curryrostade morötter,3,vitlök,2,klyfta
Curryrostade morötter,5,morot,8,st
Curryrostade morötter,5,salt,1,krm
Curryrostade morötter,9,pistagenöt,1,dl
Duglères fisk,1,torsk,400,g
Duglères fisk,10,grädde,0.5,dl
Duglères fisk,10,persilja,2,msk
Duglères fisk,11,grädde,0.5,dl
Duglères fisk,11,ägg,3,st
Duglères fisk,13,citron,2,msk
Duglères fisk,13,smör,1,msk
Duglères fisk,13,vitpeppar,1,krm
Duglères fisk,2,tomat,2,st
Duglères fisk,4,margarin,1,msk
Duglères fisk,4,rödlök,1,st
Duglères fisk,5,fiskbuljong,1,st
Duglères fisk,5,vatten,2,dl
Duglères fisk,5,vitpeppar,1,krm
Duglères fisk,5,vitt torrt vin,1,dl
Etna,1,gul lök,1,st
Etna,1,röd paprika,1,st
Etna,2,basilika,1,krm
Etna,2,matfett,1,msk
Etna,2,vitlöksklyfta,2,st
Etna,4,ansjovisfiléer,8,st
Etna,4,svarta oliver,20,st
Etna,5,kapris,2,msk
Farfars kalops,1,nötkött,2,kg
Farfars kalops,2,salt,3,tsk
Farfars kalops,2,vetemjöl,5,msk
Farfars kalops,4,matfett,1,msk
Farfars kalops,5,kryddpeppar,30,st
Farfars kalops,5,lagerblad,8,st
Farfars kalops,5,salt,1,tsk
Farfars kalops,5,vatten,1.5,l
Farfars kalops,8,morot,5,st
Finsk saftpudding,1,blandsaft,3,dl
Finsk saftpudding,1,vetemjöl,1,dl
Finsk saftpudding,2,vatten,3,dl
Fiskbullar i saffran,1,gurka,0.5,st
Fiskbullar i saffran,2,matfett,1,msk
Fiskbullar i saffran,3,mjöl,2,msk
Fiskbullar i saffran,3,saffran,0,g
Fiskbullar i saffran,4,fiskbuljong,3,dl
Fiskbullar i saffran,4,grädde,3,dl
Fiskbullar i saffran,6,fiskbullar,2,burk
Fiskgratäng,3,rödtunga,600,gr
Fiskgratäng,3,salt,1,
Fiskgratäng,4,citron,1,st
Fiskgratäng,4,vatten,0.8999999761581421,dl
Fiskgratäng,6,musslor,1,115 g
Fiskgratäng,6,räkor,600,gr
Fiskgratäng,7,champinjonstuvning,1,200 g
Fiskgratäng,7,majonnäs,1,dl
Fiskgratäng,8,riven ost,1,dl
Fiskgryta Hawaii,1,torskfilé,600,g
Fiskgryta Hawaii,10,gräslök,20,strån
Fiskgryta Hawaii,2,ananasskivor,200,g
Fiskgryta Hawaii,3,gul lök,2,st
Fiskgryta Hawaii,3,vitlöksklyfta,1,st
Fiskgryta Hawaii,4,matfett,1,msk
Fiskgryta Hawaii,5,curry,1,tsk
Fiskgryta Hawaii,5,vetemjöl,1,msk
Fiskgryta Hawaii,6,grädde,2,dl
Fiskgryta Hawaii,7,banan,1,st
Fiskgryta Hawaii,7,grön paprika,60,g
Fiskgryta Hawaii,7,röd paprika,60,g
Fiskgryta Hawaii,9,paprikapulver,2,krm
Fiskgryta Hawaii,9,salt,1,krm
Fiskgryta Hawaii,9,svartpeppar,1,krm
Fläskfilé Provencale,1,persilja,3,dl
Fläskfilé Provencale,1,smör,200,gr
Fläskfilé Provencale,1,vitlöksklyfta,2,st
Fläskfilé Provencale,10,olja,0,
Fläskfilé Provencale,10,salt,0,
Fläskfilé Provencale,10,svartpeppar,0,
Fläskfilé Provencale,2,potatis,10,st
Fläskfilé Provencale,3,vitlöksklyfta,1,st
Fläskfilé Provencale,4,smör,0,
Fläskfilé Provencale,5,riven ost,1,dl
Fläskfilé Provencale,5,salt,0,
Fläskfilé Provencale,5,vitpeppar,0,
Fläskfilé Provencale,6,grädde,2,dl
Fläskfilé Provencale,6,mjölk,1,dl
Fläskfilé Provencale,7,fläskfilé,800,gr
Fläskfilé Rydberg med senapscrème,2,potatis,800,g
Fläskfilé Rydberg med senapscrème,3,olja,1,msk
Fläskfilé Rydberg med senapscrème,3,peppar,1,krm
Fläskfilé Rydberg med senapscrème,3,salt,0.5,tsk
Fläskfilé Rydberg med senapscrème,3,smör,2,msk
Fläskfilé Rydberg med senapscrème,4,gul lök,2,st
Fläskfilé Rydberg med senapscrème,4,smör,2,msk
Fläskfilé Rydberg med senapscrème,5,peppar,1,krm
Fläskfilé Rydberg med senapscrème,5,persilja,0.5,dl
Fläskfilé Rydberg med senapscrème,5,salt,1,krm
Fläskfilé Rydberg med senapscrème,6,olja,1,msk
Fläskfilé Rydberg med senapscrème,6,peppar,1,krm
Fläskfilé Rydberg med senapscrème,6,zucchini,300,g
Fläskfilé Rydberg med senapscrème,7,crème fraiche,2,dl
Fläskfilé Rydberg med senapscrème,7,dijonsenap,2,msk
Fläskfilé Rydberg med senapscrème,7,honung flytande,1,msk
Fläskfilé Rydberg med senapscrème,7,persilja,0.5,dl
Fläskfilé Rydberg med senapscrème,7,salt,0.5,tsk
Fläskfilé Rydberg med senapscrème,7,svartpeppar,2,krm
Fläskfilé Rydberg med senapscrème,8,fläskfilé,1,kg
Fläskfilé Sinkadus,1,tomat,6,st
Fläskfilé Sinkadus,2,fläskfilé,600,g
Fläskfilé Sinkadus,3,salt,1,stnk
Fläskfilé Sinkadus,3,svartpeppar,1,stnk
Fläskfilé Sinkadus,4,smör,1,msk
Fläskfilé Sinkadus,5,champinjoner,150,g
Fläskfilé Sinkadus,6,matlagningsgrädde,2,dl
Fläskfilé Sinkadus,6,skånsk senap,2,msk
Fläskfilé Sinkadus,6,vitlökspulver,2,krm
Fläskfilé Sinkadus,7,rökt skinka,200,g
Fläskfilé Sinkadus,9,riven ost,2,dl
Fransk chokladtårta,1,mörk blockchoklad,175,g
Fransk chokladtårta,2,margarin,175,g
Fransk chokladtårta,4,matfett,1,msk
Fransk chokladtårta,5,nötkärnor,1,dl
Fransk chokladtårta,6,kaffepulver,2,tsk
Fransk chokladtårta,6,vetemjöl,1,dl
Fransk chokladtårta,7,ägg,4,st
Fransk chokladtårta,9,socker,2,dl
Fransk citronkaka,1,salt,1,krm
Fransk citronkaka,1,socker,0.5,dl
Fransk citronkaka,1,vetemjöl,3,dl
Fransk citronkaka,13,citron,1,st
Fransk citronkaka,15,florsocker,3,msk
Fransk citronkaka,2,smör,125,g
Fransk citronkaka,3,ägg,1,st
Fransk citronkaka,8,apelsin,1,st
Fransk citronkaka,8,citron,2,st
Fransk citronkaka,9,matlagningsgrädde,1,dl
Fransk citronkaka,9,socker,1.5,dl
Fransk citronkaka,9,ägg,3,st
Fransk raka,1,gul lök,4,st
Fransk raka,1,potatis,6,st
Fransk raka,3,ägg,4,st
Fransk raka,4,matolja,4,msk
Fransk spättafilé,10,spättafilé,600,gr
Fransk spättafilé,2,gul lök,1,st
Fransk spättafilé,3,smör,1,msk
Fransk spättafilé,4,crème fraiche,2,dl
Fransk spättafilé,5,fransk senap,1,msk
Fransk spättafilé,5,mjölk,1,dl
Fransk spättafilé,5,persilja,0.5,dl
Fransk spättafilé,5,rökt skinka,50,gr
Fransk spättafilé,7,fiskbuljong,1,tärn
Frasiga snibbar,10,dillkvistar,2,st
Frasiga snibbar,2,smördeg,1,st
Frasiga snibbar,4,ägg,1,
Frasiga snibbar,6,crème fraiche,150,g
Frasiga snibbar,7,räkor,16,st
Frasiga snibbar,8,rödlök,1,st
Frasiga snibbar,9,fiskrom,100,g
Fruktig currygryta,1,gul lök,2,st
Fruktig currygryta,1,lammkött,500,g
Fruktig currygryta,2,olja,2,msk
Fruktig currygryta,3,curry,1,msk
Fruktig currygryta,4,salt,2,tsk
Fruktig currygryta,5,aprikoser,10,torkade
Fruktig currygryta,5,katrinplommon,10,st
Fruktig currygryta,5,russin,0.5,dl
Fruktig currygryta,5,äppelcidervinäger,0.5,msk
Fruktig currygryta,5,äppelringar torkade,10,st
Fruktig currygryta,6,vatten,5,dl
Fruktig currygryta,7,basmatiris,4,port
Fruktig currygryta,8,bananer,2,st
Fruktig currygryta,9,salta jordnötter,0.5,dl
Fyllda påskägg,1,ägg,12,st
Fyllda påskägg,10,dill,1,msk
Fyllda påskägg,10,löjrom,2,msk
Fyllda påskägg,10,rödlök,1,msk
Fyllda påskägg,11,peppar,1,krm
Fyllda påskägg,11,salt,1,krm
Fyllda påskägg,2,grädde,2,dl
Fyllda påskägg,3,smör,3,msk
Fyllda påskägg,8,bacon,2,msk
Fyllda påskägg,8,gräslök,1,msk
Fyllda påskägg,8,gröna oliver,1,msk
Fyllda påskägg,8,parmesanost,1,msk
Fyllda påskägg,9,dill,1,msk
Fyllda påskägg,9,gräslök,1,msk
Fyllda påskägg,9,rökt ål,100,g
Färskost med löjrom,1,crème fraiche,2,dl
Färskost med löjrom,1,philadelphiaost,200,g
Färskost med löjrom,2,gräslök,1,kruka
Färskost med löjrom,2,löjrom,100,g
Färskost med löjrom,2,rödlök,1,st
Färskost med löjrom,3,baguette,1,st
Färsrullader,1,brödskivor,2,st
Färsrullader,1,grädde,1,dl
Färsrullader,1,vatten,1,dl
Färsrullader,2,fläskfärs,400,g
Färsrullader,2,salt,1,tsk
Färsrullader,3,potatismjöl,1,tsk
Färsrullader,3,svartpeppar,1,krm
Färsrullader,3,ägg,1,st
Färsrullader,4,rökt skinka,4,skiv
Färsrullader,4,svamp,100,g
Färsrullader,5,dragon,1,tsk
Färsrullader,5,persilja,2,msk
Färsrullader,6,matfett,0,
Färsrullader,7,buljong,1,dl
Färsrullader,8,grädde,1,dl
Färsrullader,9,arrowrotmjöl,0,
Gazpacho Andaluz,1,grönsaksbuljong,1,tärn.
Gazpacho Andaluz,1,vatten,1,lit.
Gazpacho Andaluz,2,gräslök,1,Knipp
Gazpacho Andaluz,2,grön paprika,1,st
Gazpacho Andaluz,2,gurka,1,st
Gazpacho Andaluz,2,persilja,1,Knipp
Gazpacho Andaluz,2,röd paprika,1,st
Gazpacho Andaluz,2,tomat,6,st
Gazpacho Andaluz,3,chilipeppar,2,krm
Gazpacho Andaluz,3,citron,1,st
Gazpacho Andaluz,3,körvel,2,tsk
Gazpacho Andaluz,3,olivolja,1,dl
Gazpacho Andaluz,3,vitlöksklyfta,1,st
Gazpacho Extremadura,1,bröd,20,gr
Gazpacho Extremadura,2,grön paprika,200,gr
Gazpacho Extremadura,2,gul lök,100,gr
Gazpacho Extremadura,2,gurka,100,gr
Gazpacho Extremadura,2,tomat,600,gr
Gazpacho Extremadura,2,vitlöksklyfta,1,st
Gazpacho Extremadura,4,citronsaft,1,msk
Gazpacho Extremadura,4,hela kumminfrön,10,st
Gazpacho Extremadura,4,olivolja,6,cl
Gazpacho Extremadura,4,rödvinsvinäger,4,cl
Gazpacho Extremadura,4,salt,2,tsk
Gazpacho Extremadura,4,tabasco,4,dropp
Gazpacho Extremadura,4,vitpeppar,1,krm
Gazpacho Extremadura,4,vitt vin,6,cl
Gazpacho Extremadura,7,grön paprika,0,
Gazpacho Extremadura,7,gul lök,0,
Gazpacho Extremadura,7,gurka,0,
Gazpacho Extremadura,7,röd paprika,0,
Gazpacho Extremadura,7,tomat,0,
Gazpacho Extremadura,7,vitt bröd,0,
Gertruds kaka,2,socker,2,dl
Gertruds kaka,2,ägg,4,st
Gertruds kaka,3,apelsin,1,st
Gertruds kaka,4,mandel,100,g
Gertruds kaka,4,ströbröd,1,dl
Gertruds kaka,5,grädde,1,dl
Gertruds kaka,5,smör,125,g
Gertruds kaka,9,blockchoklad,50,g
Glögg,2,ingefära,1,bit
Glögg,2,jäst,50,g
Glögg,2,kardemummakärnor,1,påse
Glögg,2,nejlikor,1,kkp
Glögg,2,potatis,5,st
Glögg,2,russin,500,g
Glögg,2,strösocker,2,kg
Glögg,2,svagdricka,5,l
Gratinerad kyckling,10,salt,1,krm
Gratinerad kyckling,11,morot,1,st
Gratinerad kyckling,12,brysselkål,6,st
Gratinerad kyckling,14,bandspagetti,6,dl
Gratinerad kyckling,15,kryddkrasse,0,
Gratinerad kyckling,15,tomat,1,st
Gratinerad kyckling,2,kycklingbröst,250,g
Gratinerad kyckling,3,margarin,2,msk
Gratinerad kyckling,4,mexikansk krydda,1,krm
Gratinerad kyckling,4,salt,1,tsk
Gratinerad kyckling,4,svartpeppar,1,krm
Gratinerad kyckling,5,rökt skinka,100,g
Gratinerad kyckling,6,ost,50,g
Gratinerad kyckling,8,kycklingbuljong,1,dl
Gravad strömming,1,strömming,1,kg
Gravad strömming,2,salt,1,msk
Gravad strömming,2,vatten,5,dl
Gravad strömming,2,ättiksprit,1,dl
Gravad strömming,7,salt,2,tsk
Gravad strömming,7,socker,3,msk
Gravad strömming,7,svartpeppar,2,krm
Gravad strömming,7,svensk senap,1,dl
Gravad strömming,7,vinäger,1,msk
Gravad strömming,8,dill,1,dl
Gravad strömming,8,olja,1,dl
Gravad strömming,8,vatten,1,dl
Gravlaxröra,1,gravad lax,200,gr
Gravlaxröra,1,purjolök,2,dl
Gravlaxröra,1,ägg,4,st
Gravlaxröra,2,crème fraiche,3,msk
Gravlaxröra,2,dill,1,dl
Gravlaxröra,2,grädde,1.5,dl
Gravlaxröra,2,osötad senap,2,msk
Gräddbakelse,2,smördegsskivor,125,g
Gräddbakelse,7,grädde,2,dl
Gräddbakelse,9,florsocker,1,msk
Gräddbakelse,9,strössel,2,msk
Gräddbakelse,9,ägg,1,st
Grönsaksgratäng,1,morot,3,st
Grönsaksgratäng,11,matfett,1,msk
Grönsaksgratäng,12,frysta ärtor,125,g
Grönsaksgratäng,2,salt,1,krm
Grönsaksgratäng,2,vatten,2,dl
Grönsaksgratäng,3,gul lök,2,st
Grönsaksgratäng,3,matfett,1,msk
Grönsaksgratäng,4,matfett,3,msk
Grönsaksgratäng,5,vetemjöl,0.800000011920929,dl
Grönsaksgratäng,6,mjölk,4,dl
Grönsaksgratäng,8,ägg,3,st
Grönsaksgratäng,9,salt,0,
Grönsaksgratäng,9,vitpeppar,0,
Gubbröra,1,ansjovisfiléer,125,g
Gubbröra,1,rödlök,1,st
Gubbröra,1,rökt kaviar,1,msk
Gubbröra,1,sardiner,100,g
Gubbröra,1,ägg,3,st
Gubbröra,2,peppar,1,krm
Guldbakelser,1,smör,100,g
Guldbakelser,1,vetemjöl,1,dl
Guldbakelser,10,florsocker,1,msk
Guldbakelser,10,hjortron,250,g
Guldbakelser,12,citronmelissblad,1,knippe
Guldbakelser,12,vispgrädde,1,dl
Guldbakelser,2,vatten,1.5,msk
Guldbakelser,4,mandelmassa,100,g
Guldbakelser,5,smör,75,g
Guldbakelser,6,bakpulver,0.5,tsk
Guldbakelser,6,socker,2,msk
Guldbakelser,6,vaniljsocker,0.5,tsk
Guldbakelser,6,vetemjöl,1,dl
Guldbakelser,8,hjortron,250,g
Guldbakelser,8,kesella,2.5,dl
Guldbakelser,8,ägg,1,st
Haitigryta,1,griskött,400,g
Haitigryta,2,gul lök,2,st
Haitigryta,3,vitlöksklyfta,1,st
Haitigryta,4,ananas,200,g
Haitigryta,5,oxbuljong,2,dl
Haitigryta,5,soja,1,msk
Haitigryta,5,vinäger,3,msk
Haitigryta,6,mald ingefära,1,tsk
Haitigryta,6,salt,1,tsk
Haitigryta,6,svartpeppar,1,krm
Haitigryta,6,tomatpuré,1,msk
Haitigryta,9,paprika,2,st
Helstekt kyckling i ugn,1,kålrot,300,g
Helstekt kyckling i ugn,1,majrova,300,g
Helstekt kyckling i ugn,1,morötter,2,st
Helstekt kyckling i ugn,1,rödlökar,2,st
Helstekt kyckling i ugn,2,honung,0.5,dl
Helstekt kyckling i ugn,2,peppar,1,krm
Helstekt kyckling i ugn,2,salt,1,krm
Helstekt kyckling i ugn,2,soja,1,msk
Helstekt kyckling i ugn,2,vitlöksklyfta,1,st
Helstekt kyckling i ugn,3,flingsalt,2,tsk
Helstekt kyckling i ugn,3,smör,30,g
Helstekt kyckling i ugn,6,basilika,0.5,krk
Helstekt kyckling i ugn,6,crème fraiche,1,dl
Helstekt kyckling i ugn,6,majonnäs,1,dl
Helstekt kyckling i ugn,6,persilja,0.5,krk
Helstekt kyckling i ugn,6,vitlöksklyfta,1,st
Helstekt kyckling i ugn,7,peppar,1,krm
Helstekt kyckling i ugn,7,salt,1,krm
Honungsbananer,1,banan,4,st
Honungsbananer,2,vetemjöl,1,dl
Honungsbananer,3,matfett,0,
Honungsbananer,4,apelsin,2,st
Honungsbananer,4,honung,2,msk
Honungsspjäll,2,revbensspjäll,900,g
Honungsspjäll,3,katrinplommon,13,st
Honungsspjäll,4,honung,3,msk
Honungsspjäll,4,vatten,5,msk
Honungsspjäll,5,mald ingefära,1,tsk
Honungsspjäll,5,salt,0.5,tsk
Honungsspjäll,5,soja,1,msk
Honungsspjäll,5,svartpeppar,1,krm
Hovmästarsås,1,engelsk senap,2,tsk
Hovmästarsås,1,fransk senap,1,tsk
Hovmästarsås,1,senap,3,msk
Hovmästarsås,1,strösocker,3,msk
Hovmästarsås,1,vinäger,2,msk
Hovmästarsås,2,olja,1,dl
Hovmästarsås,3,dill,3,msk
Hovmästarsås,3,salt,1,krm
Hovmästarsås,3,vitpeppar,1,krm
Hyttsill,2,gul lök,2,st
Hyttsill,2,smör,2,msk
Hyttsill,3,smör,4,st
Hyttsill,4,dillkvistar,4,st
Hyttsill,4,sillfiléer,8,st
Inbakad oxfilé,1,oxfilé,500,g
Inbakad oxfilé,2,smör,3,msk
Inbakad oxfilé,3,peppar,1,krm
Inbakad oxfilé,3,salt,1,krm
Inbakad oxfilé,6,smördegsskivor,6,st
Inbakad oxfilé,6,vitlöksost,200,g
Inbakad oxfilé,8,ägg,1,st
Indiennsås,1,röd paprika,1,st
Indiennsås,2,chilisås,1,msk
Indiennsås,2,mango chutney,1,msk
Indiennsås,3,crème fraiche,2,dl
Indiennsås,4,curry,1,msk
Indiska påskägg,1,gul lök,1,st
Indiska påskägg,1,matfett,1,msk
Indiska påskägg,1,röd paprika,1,st
Indiska påskägg,2,curry,0,
Indiska påskägg,2,salt,0,
Indiska påskägg,3,crème fraiche,2,dl
Indiska påskägg,5,räkor,5,hg
Indiska påskägg,7,ägg,4,st
Indiska påskägg,8,ris,4,dl
Italiensk tonfisk,1,gul lök,1,st
Italiensk tonfisk,2,champinjoner,200,g
Italiensk tonfisk,3,olivolja,1,msk
Italiensk tonfisk,4,krossad tomat,400,g
Italiensk tonfisk,4,tomatpuré,2,msk
Italiensk tonfisk,5,tonfisk i vatten,200,g
Italiensk tonfisk,6,gröna oliver,10,st
Italiensk tonfisk,7,basilika,1,tsk
Italiensk tonfisk,7,oregano,1,tsk
Italiensk tonfisk,7,salt,1,krm
Italiensk tonfisk,7,svartpeppar,1,krm
Italiensk tonfisk,7,vitlöksklyfta,2,st
Italiensk tonfisk,8,riven ost,25,g
Italienska köttbullar tomatsås,1,lätttmjöl,0.25,dl
Italienska köttbullar tomatsås,1,vitt bröd,4,skivor
Italienska köttbullar tomatsås,2,basilika,1,kruka
Italienska köttbullar tomatsås,2,mozzarellaost,75,g
Italienska köttbullar tomatsås,2,nötfärs,400,g
Italienska köttbullar tomatsås,2,salt,1,tsk
Italienska köttbullar tomatsås,2,svartpeppar,1,krm
Italienska köttbullar tomatsås,2,vitlöksklyfta,2,st
Italienska köttbullar tomatsås,2,worcestershiresås,2,msk
Italienska köttbullar tomatsås,2,ägg,1,st
Italienska köttbullar tomatsås,3,pasta tagliatella,240,g
Italienska köttbullar tomatsås,4,köttbuljong,2,dl
Italienska köttbullar tomatsås,4,salt,1,nypa
Italienska köttbullar tomatsås,4,socker,1,tsk
Italienska köttbullar tomatsås,4,svartpeppar,1,nypa
Italienska köttbullar tomatsås,4,tomater soltorkade,2,msk
Italienska köttbullar tomatsås,4,tomatkross,500,g
Italienska köttbullar tomatsås,5,margarin flytande,0.5,msk
JAMBALAYA,1,blekselleri,2,st
JAMBALAYA,1,gul lök,1,st
JAMBALAYA,1,röd paprika,1,st
JAMBALAYA,10,krabba,1,brk
JAMBALAYA,3,korv,2,st
JAMBALAYA,4,kycklingbröst,3,st
JAMBALAYA,4,olivolja,2,msk
JAMBALAYA,5,vitlöksklyfta,2,st
JAMBALAYA,6,grön chili,1,msk
JAMBALAYA,6,krossad tomat,1,brk.
JAMBALAYA,6,kycklingbuljong,2,dl
JAMBALAYA,6,ris,3,dl
JAMBALAYA,8,brun farin,2,msk
JAMBALAYA,8,sambal olek,1,aning
JAMBALAYA,8,tabasco,3,dropp
JAMBALAYA,8,örtsalt,0.5,tsk
JAMBALAYA,9,räkor,500,g
Jambalaya Willy,1,matolja,1,dl
Jambalaya Willy,12,cayennepeppar,1,krm
Jambalaya Willy,12,salt,1,krm
Jambalaya Willy,13,persilja,0.5,knp
Jambalaya Willy,2,gul lök,1,st
Jambalaya Willy,3,långkornigt ris,3,dl
Jambalaya Willy,4,krossad tomat,400,g
Jambalaya Willy,4,rökt skinka,400,g
Jambalaya Willy,4,vatten,3,dl
Jambalaya Willy,5,vitlöksklyfta,3,st
Jambalaya Willy,6,persilja,0.5,knp
Jambalaya Willy,6,sellerisalt,1,krm
Jambalaya Willy,6,timjan,3,krm
Jambalaya Willy,8,grön paprika,1,st
Jambalaya Willy,9,räkor,300,g
Janssons frestelse,2,potatis,6,st
Janssons frestelse,4,gul lök,2,st
Janssons frestelse,5,matfett,2,msk
Janssons frestelse,6,ansjovisfiléer,15,st
Janssons frestelse,7,matfett,2,msk
Janssons frestelse,9,grädde,2,dl
Jubileumslax,1,lax,1.5,kg
Jubileumslax,2,matfett,1,tsk
Jubileumslax,3,citron,1,st
Jubileumslax,3,salt,2,krm
Jubileumslax,4,purjolök,1,st
Jubileumslax,4,smör,20,g
Jubileumslax,6,citron,1,st
Jubileumslax,6,dill,1,bnt
Jubileumslax,6,mjukost,200,g
Jubileumslax,6,mjölk,4,msk
Jubileumslax,6,persilja,1,bnt
Jubileumslax,6,salt,1,krm
Jubileumslax,6,ströbröd,1,msk
Jubileumslax,6,svartpeppar,2,krm
Jubileumslax,7,krabbmix,100,g
Jubileumslax,7,räkor,100,g
Jägargryta,1,buljong,1,dl
Jägargryta,1,enbär,8,st
Jägargryta,1,kinesisk soja,2,msk
Jägargryta,1,kryddnejlikor,1,krm
Jägargryta,1,kryddpeppar,2,krm
Jägargryta,1,lagerblad,1,st
Jägargryta,1,rött vin,1,dl
Jägargryta,1,svartpeppar,1,kr
Jägargryta,2,griskött,400,g
Jägargryta,5,grädde,2,dl
Kall lax- och räkpaj,1,kavring,200,g
Kall lax- och räkpaj,2,smör,50,g
Kall lax- och räkpaj,3,ägg,2,st
Kall lax- och räkpaj,4,kallrökt lax,150,g
Kall lax- och räkpaj,5,avokado,2,st
Kall lax- och räkpaj,6,rödlök,1,st
Kall lax- och räkpaj,7,citronsaft,1,tsk
Kall lax- och räkpaj,7,crème fraiche,1,dl
Kall lax- och räkpaj,7,majonäs,3,msk
Kall lax- och räkpaj,7,peppar,2,krm
Kall lax- och räkpaj,7,räkor,200,g
Kall lax- och räkpaj,7,salt,1,tsk
Kall lax- och räkpaj,9,citronskivor,8,st
Kall lax- och räkpaj,9,dill,1,st
Kall lax- och räkpaj,9,löjrom,100,g
Kanelkaka,1,socker,2,dl
Kanelkaka,1,ägg,3,st
Kanelkaka,2,apelsinskal,1,påse
Kanelkaka,2,bakpulver,2,tsk
Kanelkaka,2,kanel,1,msk
Kanelkaka,2,mjöl,3,dl
Kanelkaka,2,russin,1,dl
Kanelkaka,3,margarin,75,g
Kanelkaka,3,vatten,1,dl
Karibisk kötträtt,1,banan,1,st
Karibisk kötträtt,2,ananasskivor,1,burk
Karibisk kötträtt,3,röd paprika,1,st
Karibisk kötträtt,5,vitlöksklyfta,2,st
Karibisk kötträtt,6,ananasjuice,1,dl
Karibisk kötträtt,6,honung,1,tsk
Karibisk kötträtt,6,soja,1,tsk
Karibisk kötträtt,8,arrowrotmjöl,1,tsk
Karibisk kötträtt,9,färsk skinka,4,skiv
Kassler i apelsin,2,kassler,400,g
Kassler i apelsin,3,apelsin,1,st
Kassler i apelsin,5,smör,50,gr
Kassler i apelsin,6,apelsinskal,1,st
Kassler i apelsin,6,bröd,2,dl
Kassler i apelsin,6,hackad,0.5,dl
Kassler i apelsin,6,timjan,1,krm
Kassler i apelsin,6,vitlöksklyfta,1,st
Kassler i apelsin,9,apelsin,1,st
Kassler med örtsmör,2,kassler,400,g
Kassler med örtsmör,3,gräslök,1,kn
Kassler med örtsmör,3,gul lök,1,st
Kassler med örtsmör,4,citron,1,tsk
Kassler med örtsmör,4,dragon,1,tsk
Kassler med örtsmör,4,svartpeppar,1,krm
Kassler- och grönsakswok,1,ris,3,dl
Kassler- och grönsakswok,2,kassler,500,g
Kassler- och grönsakswok,3,blomkålshuvud,0.5,st
Kassler- och grönsakswok,3,morötter,3,st
Kassler- och grönsakswok,3,purjolök,0.5,st
Kassler- och grönsakswok,4,salt,0.5,tsk
Kassler- och grönsakswok,5,lime,1,st
Kassler- och grönsakswok,5,olja,1,msk
Kassler- och grönsakswok,8,ostronsås,1,dl
Kassler- och grönsakswok,8,vatten,0.5,dl
Kassler- och grönsakswok,9,cashewnötter,1,dl
Kassler- och grönsakswok,9,sesamfrön,2,msk
Katalansk korvgryta,1,torkade vita bönor,500,g
Katalansk korvgryta,2,salt,1,krm
Katalansk korvgryta,4,gul lök,1,st
Katalansk korvgryta,4,olivolja,3,msk
Katalansk korvgryta,4,vitlöksklyfta,4,st
Katalansk korvgryta,5,mynta,5,Blad
Katalansk korvgryta,5,peppar,1,krm
Katalansk korvgryta,5,salt,1,krm
Katalansk korvgryta,6,eau de vie,5,cl
Katalansk korvgryta,6,vitt vin,30,cl
Katalansk korvgryta,9,bacon,200,g
Katalansk korvgryta,9,korv,4,st
Kiwisoppa,1,kiwifrukt,5,st
Kiwisoppa,2,citron,1,st
Kiwisoppa,3,socker,1,dl
Kiwisoppa,3,äppeljuice,5,dl
Kiwisoppa,4,potatismjöl,1,msk
Kiwisoppa,6,cider,0,
Kjells purjofisk,1,purjolök,1,st
Kjells purjofisk,2,margarin,1,msk
Kjells purjofisk,2,torsk,500,g
Kjells purjofisk,3,dill,1,kn
Kjells purjofisk,3,salt,3,krm
Kjells purjofisk,4,grädde,2,dl
Kjells purjofisk,4,senap,2,msk
Kjells purjofisk,4,svartpeppar,2,krm
Kjells purjofisk,4,vitpeppar,2,krm
Kolasås,1,grädde,2.5,dl
Kolasås,1,kola,200,g
Kolatårta,1,mandelmassa,300,g
Kolatårta,2,ägg,3,st
Kolatårta,4,grädde,1,dl
Kolatårta,4,sirap,1,dl
Kolatårta,4,socker,1,dl
Kolatårta,6,grädde,3,dl
Kolatårta,7,lingonsylt,1,dl
Korv Stroganoff,1,korv,500,g
Korv Stroganoff,3,gul lök,1,st
Korv Stroganoff,5,crème fraiche,2,dl
Korv Stroganoff,5,tomatpuré,4,msk
Korv tricolor,1,paprika,3,st
Korv tricolor,10,persilja,1,bunt
Korv tricolor,11,gräddfil,1,dl
Korv tricolor,2,squash,1,st
Korv tricolor,4,vatten,2,dl
Korv tricolor,5,grönsaksbuljong,1,st
Korv tricolor,6,grönpeppar,2,tsk
Korv tricolor,8,falukorv,400,g
Korv- & rotgryta,1,morot,2,st
Korv- & rotgryta,10,senap,0,
Korv- & rotgryta,2,purjolök,1,st
Korv- & rotgryta,3,kryddpeppar,10,ml
Korv- & rotgryta,3,vatten,2,dl
Korv- & rotgryta,4,kålrot,400,g
Korv- & rotgryta,5,potatis,5,st
Korv- & rotgryta,7,korv,400,g
Korv- & rotgryta,9,persilja,1,knp
Korvgryta -92-1,1,gul lök,1,st
Korvgryta -92-1,2,smör,1,tsk
Korvgryta -92-1,3,vetemjöl,1,msk
Korvgryta -92-1,4,buljong,1,tärn
Korvgryta -92-1,4,vatten,2,dl
Korvgryta -92-1,5,gräddfil,1.5,dl
Korvgryta -92-1,5,salt,0.5,tsk
Korvgryta -92-1,5,svartpeppar,1,krm
Korvgryta -92-1,5,tomatpuré,1,dl
Korvgryta -92-1,6,falukorv,500,g
Korvgryta -92-1,8,gräddfil,1.5,dl
Korvgryta -92-1,8,svart vinbärsgelé,2,msk
Kreolska räkor,1,stora räkor,1,kg
Kreolska räkor,2,gul lök,2,msk
Kreolska räkor,3,smör,1,msk
Kreolska räkor,4,vitlöksklyfta,2,st
Kreolska räkor,5,curry,3,tsk
Kreolska räkor,5,paprikapulver,1,tsk
Kreolska räkor,6,grädde,3,dl
Kreolska räkor,6,vin vitt torrt,1,dl
Kreolska räkor,7,ananasskivor,3,st
Kreolska räkor,7,banan,2,st
Kreolska räkor,7,grön paprika,1,st
Kreolska räkor,8,cayennepeppar,0,udd
Kreolska räkor,8,citronsaft,0,dropp
Kreolska räkor,8,peppar,1,krm
Kreolska räkor,8,salt,1,tsk
Kreolska räkor,9,smör,1,msk
Krossad potatis med Västerbottensost och rom,1,mandelpotatis,900,g
Krossad potatis med Västerbottensost och rom,1,salt,0.5,tsk
Krossad potatis med Västerbottensost och rom,3,västerbottensost,3,dl
Krossad potatis med Västerbottensost och rom,4,gräddfil,2,dl
Krossad potatis med Västerbottensost och rom,4,stenbitsrom,2,dl
Krossad potatis med Västerbottensost och rom,5,rödlök,0.5,st
Krossad potatis med Västerbottensost och rom,5,dill,1,knp
Kryddig fisk,1,torskfilé,400,g
Kryddig fisk,10,svarta oliver,20,st
Kryddig fisk,2,gul lök,1,st
Kryddig fisk,3,ansjovisfiléer,50,g
Kryddig fisk,4,citronpeppar,1,krm
Kryddig fisk,6,krossad tomat,1,bruk
Kryddig fisk,7,basilika,1,tsk
Kryddig fisk,7,fiskbuljong,1,st
Kryddig fisk,7,purjolök,5,cm
Kryddig fisk,7,vitlöksklyfta,2,st
Kryddig panerad fisk,1,torsk,400,g
Kryddig panerad fisk,3,gurkmeja,0.5,tsk
Kryddig panerad fisk,3,mald koriander,0.5,tsk
Kryddig panerad fisk,3,salt,1,tsk
Kryddig panerad fisk,3,senapspulver,0.5,tsk
Kryddig panerad fisk,6,ströbröd,0.800000011920929,dl
Kryddig panerad fisk,6,ägg,1,st
Kryddig panerad fisk,7,matolja,5,msk
Krämig grönsakssås,1,grönsaksbuljong,1,st
Krämig grönsakssås,1,vatten,2,dl
Krämig grönsakssås,2,gul lök,1,st
Krämig grönsakssås,2,morot,1,st
Krämig grönsakssås,2,purjolök,1,st
Krämig grönsakssås,5,crème fraiche,2,dl
Krämig grönsakssås,6,salt,1,krm
Krämig grönsakssås,6,vitpeppar,1,krm
Kyckling i banan,1,kyckling,1,st
Kyckling i banan,10,grädde,3,dl
Kyckling i banan,2,gul lök,2,st
Kyckling i banan,3,champinjoner,2,hg
Kyckling i banan,4,kinesisk soja,0.5,msk
Kyckling i banan,4,margarin,0.5,msk
Kyckling i banan,5,margarin,0.5,msk
Kyckling i banan,6,banan,1,st
Kyckling i banan,6,tomat,2,st
Kyckling i banan,8,vitpeppar,1,krm
Kyckling i banan,9,riven ost,1,dl
Kyckling i örter,1,kycklingfilé,4,st
Kyckling i örter,2,salt,1,tsk
Kyckling i örter,2,vitpeppar,1,krm
Kyckling i örter,3,honung,2,msk
Kyckling i örter,4,olivolja,2,msk
Kyckling i örter,4,vinäger,2,msk
Kyckling i örter,4,örtsalt,0.5,tsk
Kyckling i örter,5,gräslök,1,knp
Kyckling i örter,5,persilja,1,bunt
Kyckling i örter,5,timjan,2,krm
Kyckling med örter,1,kyckling,1,st
Kyckling med örter,2,matfett,1,msk
Kyckling med örter,2,peppar,1,krm
Kyckling med örter,2,salt,0,
Kyckling med örter,3,dragon,1,tsk
Kyckling med örter,3,körvel,1,tsk
Kyckling med örter,3,rosmarin,2,tsk
Kyckling med örter,4,grädde,2,dl
Kyckling med örter,4,vitt vin,1,dl
Kyckling och mozzarella i citronsirap,1,kycklingbröstfilé,1,kg
Kyckling och mozzarella i citronsirap,1,olivolja,1,msk
Kyckling och mozzarella i citronsirap,1,smör,2,msk
Kyckling och mozzarella i citronsirap,2,flingsalt,1,tsk
Kyckling och mozzarella i citronsirap,2,svartpeppar,1,krm
Kyckling och mozzarella i citronsirap,5,citron,1,st
Kyckling och mozzarella i citronsirap,5,citronsaft,1,dl
Kyckling och mozzarella i citronsirap,5,flingsalt,1,tsk
Kyckling och mozzarella i citronsirap,5,kycklingsky,0.5,dl
Kyckling och mozzarella i citronsirap,5,råsocker,1.5,dl
Kyckling och mozzarella i citronsirap,5,röd chili,0.5,st
Kyckling och mozzarella i citronsirap,6,mozzarella,250,g
Kyckling och mozzarella i citronsirap,6,salviablad,0.5,kruka
Kycklingklubbor med rostade primörer,1,chilipulver,1,msk
Kycklingklubbor med rostade primörer,1,kycklingklubbor,4,st
Kycklingklubbor med rostade primörer,1,olivolja,1,msk
Kycklingklubbor med rostade primörer,1,salt,1,tsk
Kycklingklubbor med rostade primörer,1,svartpeppar,0.5,tsk
Kycklingklubbor med rostade primörer,2,potatis,400,g
Kycklingklubbor med rostade primörer,3,knipplök,4,st
Kycklingklubbor med rostade primörer,3,knippmorötter,12,st
Kycklingklubbor med rostade primörer,3,olivolja,2,msk
Kycklingklubbor med rostade primörer,3,salt,1,tsk
Kycklingklubbor med rostade primörer,3,skivad citron,1,st
Kycklingklubbor med rostade primörer,3,svartpeppar,0.5,tsk
Kycklingklubbor med rostade primörer,3,timjan,10,kvistar
Kycklingklubbor med rostade primörer,3,vitlök,2,st
Kycklingklubbor med rostade primörer,6,citronyoghurt,2,dl
Kycklingrullar med tomater i balsamvinäger,1,vitlöksklyfta,4,st
Kycklingrullar med tomater i balsamvinäger,2,balsamvinäger,0.5,dl
Kycklingrullar med tomater i balsamvinäger,2,körsbärstomater,750,g
Kycklingrullar med tomater i balsamvinäger,2,olivolja,1,dl
Kycklingrullar med tomater i balsamvinäger,2,svartpeppar,1,tsk
Kycklingrullar med tomater i balsamvinäger,3,basilikablad,5,st
Kycklingrullar med tomater i balsamvinäger,3,flingsalt,1,msk
Kycklingrullar med tomater i balsamvinäger,3,kycklingbröstfilé,900,g
Kycklingrullar med tomater i balsamvinäger,3,mozzarella,250,g
Köttbullar i grönpepparsås,1,ströbröd,1,dl
Köttbullar i grönpepparsås,1,vatten,1,dl
Köttbullar i grönpepparsås,2,gul lök,0.5,st
Köttbullar i grönpepparsås,3,grönpeppar,1,tsk
Köttbullar i grönpepparsås,3,nötfärs,500,g
Köttbullar i grönpepparsås,3,salt,1,tsk
Köttbullar i grönpepparsås,4,smör,2,msk
Köttbullar i grönpepparsås,5,balsamvinäger,2,tsk
Köttbullar i grönpepparsås,5,grädde,0.5,dl
Köttbullar i grönpepparsås,5,grönpeppar,1,tsk
Köttbullar i grönpepparsås,5,kinesisk soja,1,tsk
Köttbullar i grönpepparsås,5,köttbuljongtärning,1,st
Köttbullar i grönpepparsås,5,vatten,4,dl
Köttbullar i grönpepparsås,6,majsena,1,msk
Köttbullar i grönpepparsås,6,vatten,1,msk
Köttbullar i grönpepparsås,8,persilja,1,knippe
Köttbullar i grönpepparsås,9,broccoli,1,pkt
Lammnoisetter,1,lammkotlett,8,st
Lammnoisetter,2,oxbuljong,0.5,st
Lammnoisetter,2,schalottenlök,2,st
Lammnoisetter,2,tomat,4,st
Lammnoisetter,2,vatten,6,dl
Lammnoisetter,4,potatismjöl,1.5,tsk
Lammnoisetter,4,tomatketchup,2,msk
Lammnoisetter,5,matolja,0.5,dl
Lammnoisetter,5,peppar,1,krm
Lammnoisetter,5,potatis,12,st
Lammnoisetter,5,salt,1,tsk
Lammnoisetter,6,matolja,2,msk
Lammnoisetter,7,smör,2,msk
Lammstek,1,lammstek,2.5,kg
Lammstek,2,salt,1,krm
Lammstek,2,svartpeppar,0.5,krm
Lammstek,2,vitlöksklyfta,3,st
Lammstek,5,citron,0.75,dl
Lammstek,5,olivolja,0.75,dl
Lammstek,5,svartpepparkorn,2,tsk
Lantbrödsbullar,1,jäst,50,gr
Lantbrödsbullar,1,matfett,25,gr
Lantbrödsbullar,2,salt,1,tsk
Lantbrödsbullar,2,vatten,1,liter
Lantbrödsbullar,3,grahamsmjöl,3,dl
Lantbrödsbullar,3,lantbrödsmjöl,11,dl
Laxburgare med olivmajonnäs,1,laxfilé,600,g
Laxburgare med olivmajonnäs,2,bladpersilja,2,msk
Laxburgare med olivmajonnäs,2,knipplök,2,st
Laxburgare med olivmajonnäs,3,dijonsenap,1,msk
Laxburgare med olivmajonnäs,3,salt,1.5,tsk
Laxburgare med olivmajonnäs,3,svartpeppar,0.5,tsk
Laxburgare med olivmajonnäs,4,olja,2,msk
Laxkotletter,1,citron,0.5,st
Laxkotletter,1,laxkotlett,4,st
Laxkotletter,1,vitt vin,2,dl
Laxkotletter,2,fiskbuljong,1,0.5
Laxkotletter,2,grädde,1,dl
Laxkotletter,3,smör,1,msk
Laxkotletter,4,vetemjöl,2,msk
Laxkotletter,6,röd kaviar,2,msk
Laxkotletter,6,salt,0,
Laxkotletter,6,vitpeppar,0,
Laxpaj a la Emma,1,grahamsmjöl,1.25,del
Laxpaj a la Emma,1,salt,1,krm
Laxpaj a la Emma,1,smör,150,g
Laxpaj a la Emma,1,vatten,2,msk
Laxpaj a la Emma,1,vetemjöl,3.5,dl
Laxpaj a la Emma,10,grädde,0.75,dl
Laxpaj a la Emma,10,mjölk,1.5,dl
Laxpaj a la Emma,10,ägg,3,st
Laxpaj a la Emma,12,ost,1.5,dl
Laxpaj a la Emma,14,peppar,2,krm
Laxpaj a la Emma,14,salt,1,krm
Laxpaj a la Emma,6,blekselleri,1,stjälk
Laxpaj a la Emma,6,palsternacka,1,st
Laxpaj a la Emma,6,röd paprika,1,st
Laxpaj a la Emma,6,squash,1,liten
Laxpaj a la Emma,8,varmrökt lax,200,g
Laxpaj a la Emma,9,dill,3,msk
Laxpudding,1,potatis,8,st
Laxpudding,2,gul lök,1,stor
Laxpudding,2,rimmad lax,250,gr
Laxpudding,3,dill,1,dl
Laxpudding,4,mjölk,4,dl
Laxpudding,4,svartpeppar,2,krm
Laxpudding,4,ägg,3,st
Laxpudding,5,smör,0,
Laxragu,1,morot,2,st
Laxragu,1,rotselleri,0.5,st
Laxragu,10,svarta oliver,15,
Laxragu,11,potatis,400,g
Laxragu,12,gräddfil,0.5,dl
Laxragu,2,smör,1,msk
Laxragu,2,vitlöksklyfta,2,st
Laxragu,3,fiskbuljong,1,st
Laxragu,3,peppar,0.5,krm
Laxragu,3,timjan,2,krm
Laxragu,3,tomatpuré,2,msk
Laxragu,3,vatten,4,dl
Laxragu,3,vin vitt torrt,1.5,dl
Laxragu,5,purjolök,1,st
Laxragu,5,sockerärtor,100,g
Laxragu,7,lax,500,g
Laxragu,9,salt,1,krm
Lingonsorbet,1,lingon,5,dl
Lingonsorbet,1,socker,0.800000011920929,dl
Lingonsorbet,2,ägg,2,st
Lättlagad torskgryta,1,ägg,2,st
Lättlagad torskgryta,2,torskfilé,400,g
Lättlagad torskgryta,3,matfett,2,msk
Lättlagad torskgryta,5,citron,1,st
Lättlagad torskgryta,5,salt,1,tsk
Lättlagad torskgryta,6,purjolök,1,st
Lättlagad torskgryta,9,dill,0.5,dl
Madeiratårta,11,maderia,1,dl
Madeiratårta,12,mandelmassa,300,g
Madeiratårta,13,blockchoklad,200,g
Madeiratårta,13,olja,3,msk
Madeiratårta,2,potatis,2,st
Madeiratårta,3,sötmandel,200,g
Madeiratårta,4,florsocker,3,dl
Madeiratårta,4,smör,100,g
Madeiratårta,5,ägg,3,st
Makrill grillad,1,makrillfilé,6,st
Makrill grillad,2,citronsaft,2,msk
Makrill grillad,2,fänkål-stött,1,tsk
Makrill grillad,2,matolja,1,dl
Makrill grillad,2,rödlök,1,st
Makrill grillad,2,salt,1,tsk
Makrill grillad,2,svartpeppar,0.5,tsk
Makrill i kaffe,1,margarin,1,tsk
Makrill i kaffe,2,makrillfilé,8,st
Makrill i kaffe,3,kaffe,6,msk
Makrill i kaffe,4,matlagningsgrädde,2,dl
Makrill i kaffe,4,socker,2,msk
Makrill i kaffe,5,salt,1,tsk
Makrill i kaffe,5,svartpeppar,1,tsk
Mammas bärpaj,1,bakpulver,1,tsk
Mammas bärpaj,1,smör,150,g
Mammas bärpaj,1,socker,1,dl
Mammas bärpaj,1,vetemjöl,3,dl
Mammas bärpaj,1,ägg,1,st
Mammas bärpaj,2,gräddfil,2,dl
Mammas bärpaj,2,ägg,1,st
Mammas bärpaj,3,blåbär,3,dl
Mammas bärpaj,3,hallon,3,dl
Mammas bärpaj,3,strösocker,1,dl
Mammas bärpaj,3,vaniljsocker,1,tsk
Mandelfisk,1,citron,1,st
Mandelfisk,1,salt,2,tsk
Mandelfisk,3,vatten,2,msk
Mandelfisk,3,ägg,1,st
Mandelfisk,4,ströbröd,2,dl
Mandelfisk,5,matfett,2,msk
Mandelfisk,6,smör,2,
Mandelfisk,7,sötmandel,50,g
Mandelfisk,8,persilja,0,
Mandeltårta,1,smör,100,g
Mandeltårta,1,socker,0,dl
Mandeltårta,1,vetemjöl,2,dl
Mandeltårta,1,ägg,1,st
Mandeltårta,10,cocktailbär,25,st
Mandeltårta,2,matfett,0,
Mandeltårta,4,mandelmassa,400,g
Mandeltårta,5,ägg,3,st
Marinerad fetaost med oliv,1,lagerblad,2,st
Marinerad fetaost med oliv,1,olivlolja,1,dl
Marinerad fetaost med oliv,1,rosépeppar,1,msk
Marinerad fetaost med oliv,1,svartpeppar,1,krm
Marinerad fetaost med oliv,1,timjan,1,tsk
Marinerad fetaost med oliv,1,vitlöksklyfta,1,st
Marinerad fetaost med oliv,1,vitvinsvinäger,2,msk
Marinerad fetaost med oliv,2,fetaost,200,g
Marinerad fetaost med oliv,4,basilikablad,15,st
Marinerat lamm,13,pepparkorn,1,tsk
Marinerat lamm,13,salt,2,tsk
Marinerat lamm,13,timjan,1,tsk
Marinerat lamm,2,gul lök,1,st
Marinerat lamm,3,vitlöksklyfta,3,st
Marinerat lamm,4,morot,1,st
Marinerat lamm,5,rotselleri,50,g
Marinerat lamm,6,persilja,1,bunt
Marinerat lamm,7,lagerblad,2,st
Marinerat lamm,8,pepparkorn,1,tsk
Maskintorsk,2,gul lök,2,st
Maskintorsk,3,smör,1,msk
Maskintorsk,4,curry,2,tsk
Maskintorsk,4,mjöl,2,msk
Maskintorsk,4,salt,1,tsk
Maskintorsk,4,torskfilé,800,g
Maskintorsk,5,smör,1,msk
Maskintorsk,6,rotselleri,0.5,st
Maskintorsk,8,grädde,1,dl
Maskintorsk,8,vitt vin,1,dl
Maskintorsk,9,smör,2,msk
Maskintorsk,9,ströbröd,1,msk
Mockarutor / Kärleksmums / Snoddas,1,smör,150,g
Mockarutor / Kärleksmums / Snoddas,2,strösocker,3,dl
Mockarutor / Kärleksmums / Snoddas,2,ägg,2,st
Mockarutor / Kärleksmums / Snoddas,3,bakpulver,3,tsk
Mockarutor / Kärleksmums / Snoddas,3,kakao,2,msk
Mockarutor / Kärleksmums / Snoddas,3,vaniljsocker,2,tsk
Mockarutor / Kärleksmums / Snoddas,4,mjölk,1.5,dl
Mockarutor / Kärleksmums / Snoddas,4,vetemjöl,4.5,dl
Mockarutor / Kärleksmums / Snoddas,5,kokosflingor,1.5,dl
Mockarutor / Kärleksmums / Snoddas,7,florsocker,3,dl
Mockarutor / Kärleksmums / Snoddas,7,kaffe,3,msk
Mockarutor / Kärleksmums / Snoddas,7,kakao,1,msk
Mockarutor / Kärleksmums / Snoddas,7,smör,50,g
Mockarutor / Kärleksmums / Snoddas,7,vaniljsocker,2,tsk
Mojo,1,chilisås,1,dl
Mojo,1,matolja,0.5,dl
Mojo,1,vitvinsvinäger,0.5,dl
Mojo,3,citronsaft,1,stnk
Mojo,4,cayennepeppar,1,skvtt
Mojo,4,svartpeppar,1,skvtt
Mojo,5,vitlöksklyfta,1,stor
Myntasås,1,myntablad,5,stj
Myntasås,2,socker,1,tsk
Myntasås,2,vatten,1.5,dl
Myntasås,4,vinäger,2,msk
Myntasås,5,salt,1,krm
Myntasås,5,vitpeppar,1,krm
Nasi Goreng,1,ris,4,dl
Nasi Goreng,2,färsk skinka,200,g
Nasi Goreng,2,kycklingbröst,2,st
Nasi Goreng,2,majs,1,dl
Nasi Goreng,2,räkor,2,dl
Nasi Goreng,2,ärtor,1,dl
Nasi Goreng,3,curry,2,msk
Nasi Goreng,3,peppar,1,krm
Nasi Goreng,3,salt,1,krm
Nasi Goreng,4,ägg,4,st
Nasi goreng - 2021,1,ris-långkornigt,3,dl
Nasi goreng - 2021,2,fläskkött,300,g
Nasi goreng - 2021,3,curry,2.5,tsk
Nasi goreng - 2021,3,olja,0.5,dl
Nasi goreng - 2021,5,lök,2,st
Nasi goreng - 2021,5,vitkål,4,dl
Nasi goreng - 2021,7,paprikapulver,1.5,tsk
Nasi goreng - 2021,7,salt,1,krm
Nasi goreng - 2021,7,sambal oelek,1,tsk
Nasi goreng - 2021,7,vitvitlöksklyftalök,1,st
Nasi goreng - 2021,9,ananas,1,burk
Nasi goreng - 2021,9,räkor,75,g
Navsikaas lammgryta,1,lammbog,800,g
Navsikaas lammgryta,1,olivolja,2,msk
Navsikaas lammgryta,3,gul lök,3,st
Navsikaas lammgryta,3,peppar,1,krm
Navsikaas lammgryta,3,salt,1,tsk
Navsikaas lammgryta,3,vatten,1,dl
Navsikaas lammgryta,4,dill,1,msk
Navsikaas lammgryta,4,salladshuvud,2,st
Navsikaas lammgryta,6,vatten,1,dl
Navsikaas lammgryta,7,citronsaft,4,msk
Navsikaas lammgryta,7,äggulor,2,st
Nötstek,2,kött,1,kg
Nötstek,2,peppar,1,krm
Nötstek,2,salt,1,krm
Olivers kyckling,10,grovkornig senap,1,tsk
Olivers kyckling,11,olivolja,1,msk
Olivers kyckling,2,kycklingbröst,750,g
Olivers kyckling,2,rosmarin,2,kvistar
Olivers kyckling,3,olivolja,1,msk
Olivers kyckling,3,peppar,1,krm
Olivers kyckling,3,salt,1,krm
Olivers kyckling,3,senapspulver,4,tsk
Olivers kyckling,5,purjolök,3,små
Olivers kyckling,6,vitlöksklyfta,4,st
Olivers kyckling,7,vitt vin,1,skvätt
Olivers kyckling,8,grädde,0.75,dl
Olivers potatisgratäng,1,potatis,1,kg
Olivers potatisgratäng,10,parmesan,1,msk
Olivers potatisgratäng,11,olivolja,1,msk
Olivers potatisgratäng,11,timjan,1,kvist
Olivers potatisgratäng,2,rödlök,1,st
Olivers potatisgratäng,3,peppar,1,krm
Olivers potatisgratäng,3,salt,1,krm
Olivers potatisgratäng,4,grädde,2,dl
Olivers potatisgratäng,4,muskot,1,krm
Olivers potatisgratäng,4,vitlöksklyfta,2,st
Olivers potatisgratäng,5,parmesanost,1,näve
Olivers potatisgratäng,5,sardeller i olja,4,st
Olivers potatisgratäng,6,lagerblad,2,st
Olivers potatisgratäng,6,olovolja,2,msk
Olivers potatisgratäng,6,timjan,1,kvist
Olivers potatisgratäng,8,vatten,2,dl
Olivmajonnäs,1,kärnfria oliver,250,g
Olivmajonnäs,2,kapris,2,msk
Olivmajonnäs,2,knipplök,1,st
Olivmajonnäs,2,persilja,2,msk
Olivmajonnäs,3,majonnäs,0.5,dl
Olivmajonnäs,4,citron,1,msk
Omelett,1,matfett,2,msk
Omelett,2,salt,0.5,tsk
Omelett,2,vatten,1,dl
Omelett,2,vitpeppar,1,krm
Omelett,2,ägg,6,st
Ostgrat. broccoli,1,broccoli,400,g
Ostgrat. broccoli,2,mjölk,3,dl
Ostgrat. broccoli,2,vetemjöl,3,msk
Ostgrat. broccoli,3,grönsaksbuljong,1,dl
Ostgrat. broccoli,5,ost,2,dl
Ostgrat. broccoli,6,osötad senap,1,tsk
Ostgrat. broccoli,6,örtsalt,1,tsk
Paella,1,lök,1,st
Paella,1,olivolja,0.5,dl
Paella,1,vitlöksklyfta,3,st
Paella,2,långkornigt  ris,8,dl
Paella,3,hela konserverade tomater,400,gram
Paella,3,hönsbuljong,1.5,l
Paella,3,lagerblad,1,st
Paella,3,saffran,1,paket
Paella,3,salt,2.5,tsk
Paella,3,svartpeppar-malen,0.5,tsk
Paella,4,grillad kyckling,1,st
Paella,5,frysta gröna ärtor,250,gram
Paella,5,frysta musslor,500,gram
Paella,5,räkor,200,gram
Pain riche,1,jäst,25,g
Pain riche,1,vatten,5,dl
Pain riche,10,vatten,2,msk
Pain riche,2,salt,2,tsk
Pain riche,3,vetemjöl,1.2000000476837158,l
Pannkakor,1,salt,0.5,tsk
Pannkakor,1,vetemjöl,3,dl
Pannkakor,2,mjölk,2,dl
Pannkakor,3,ägg,3,st
Pannkakor,4,mjölk,4,dl
Pasta a la Bronett,1,gul lök,1,st
Pasta a la Bronett,2,vitlöksklyfta,3,st
Pasta a la Bronett,3,olivolja,1,dl
Pasta a la Bronett,4,krossad tomat,1,burk
Pasta a la Bronett,5,peppar-spansk,3,st
Pasta a la Bronett,6,salt,1,nypa
Pasta a la Bronett,6,svartpeppar,1,krm
Pasta med skaldjur,1,musslor,100,gr
Pasta med skaldjur,1,räkor,100,gr
Pasta med skaldjur,2,matlagningsgrädde,1,skvtt
Pasta med skaldjur,3,citronsaft,5,drp
Pasta med skaldjur,3,dill,1,tsk
Pasta med skaldjur,3,matlagningsgrädde,1,skvtt
Persiljesmör,1,smör,100,g
Persiljesmör,2,persilja,1,dl
Persiljesmör,3,citronsaft,1,tsk
Persiljesmör,3,vitpeppar,1,tsk
Persiljesmör,3,worcestershiresås,1,stänk
Pesto,1,basilika,4,dl
Pesto,2,salt,1,tsk
Pesto,2,svartpeppar,1,tsk
Pesto,2,valnöt,0.800000011920929,dl
Pesto,2,vitlöksklyfta,3,st
Pesto,3,olivolja,3,dl
Pesto,4,parmesan,1,dl
Philadelphialax på rotfrukter,1,smör,2,msk
Philadelphialax på rotfrukter,2,fiskfond,1,msk
Philadelphialax på rotfrukter,2,vatten,5,dl
Philadelphialax på rotfrukter,3,morot,250,g
Philadelphialax på rotfrukter,3,palsternacka,250,g
Philadelphialax på rotfrukter,3,potatis,500,g
Philadelphialax på rotfrukter,4,salt,1,tsk
Philadelphialax på rotfrukter,6,laxfilé,600,g
Philadelphialax på rotfrukter,7,dill,1,dl
Philadelphialax på rotfrukter,7,pepparrot,3,msk
Philadelphialax på rotfrukter,8,citron,1,msk
Philadelphialax på rotfrukter,8,philadelphiaost,200,g
Philadelphialax på rotfrukter,8,svartpeppar,1,krm
Philadelphialax på rotfrukter,9,salt,1,krm
Pizzadeg,1,jäst,50,g
Pizzadeg,2,olivolja,3,msk
Pizzadeg,2,salt,1,tsk
Pizzadeg,2,vatten,2.5,dl
Pizzadeg,3,vetemjöl,7,dl
Polska pinnar,1,bakpulver,2,tsk
Polska pinnar,1,filmjölk,5,msk
Polska pinnar,1,smör,350,g
Polska pinnar,1,strösocker,4,dl
Polska pinnar,1,vaniljsocker,2,tsk
Polska pinnar,1,vetemjöl,1,kg
Polska pinnar,1,ägg,3,st
Polska pinnar,1,äggula,3,st
Polska pinnar,3,pärlsocker,1,dl
Polska pinnar,3,ägg,1,st
Porterstek,1,buljong,2,st
Porterstek,1,enbär,5,st
Porterstek,1,gul lök,1,st
Porterstek,1,kinesisk soja,1,dl
Porterstek,1,nötkött,1,kg
Porterstek,1,porter,33,cl
Porterstek,1,svart vinbärssaft,0,dl
Porterstek,1,svartpepparkorn,5,st
Porterstek,1,timjan,1,tsk
Porterstek,1,vitlöksklyfta,2,st
Porterstek,6,smör,2,msk
Porterstek,7,mjöl,5,msk
Porterstek,8,grädde,2,dl
Portionsomeletter med räkröra,1,räkor,1,kg
Portionsomeletter med räkröra,2,chili,0.5,röd
Portionsomeletter med räkröra,2,koriander,0.5,kruka
Portionsomeletter med räkröra,2,majonnäs,2,msk
Portionsomeletter med räkröra,2,vårlök,1.5,st
Portionsomeletter med räkröra,3,salt,1,krm
Portionsomeletter med räkröra,3,svartpeppar,1,krm
Portionsomeletter med räkröra,4,svartpeppar,1,krm
Portionsomeletter med räkröra,4,vatten,3,msk
Portionsomeletter med räkröra,4,ägg,5,st
Portionsomeletter med räkröra,5,olja,1,tsk
Portionsomeletter med räkröra,8,koriander,0.5,kruka
Portionsomeletter med räkröra,8,vårlök,0.5,st
Potatisgratäng-1,2,margarin,1,msk
Potatisgratäng-1,3,gul lök,2,st
Potatisgratäng-1,3,potatis,600,g
Potatisgratäng-1,4,peppar,0,
Potatisgratäng-1,4,salt,0,
Potatisgratäng-1,5,mjölk,2.5,dl
Potatisgratäng-1,5,ost,150,g
Potatisgratäng-1,6,margarin,2,msk
Potatisgratäng-1,7,ströbröd,1,msk
Potatismostoppar,1,potatis,7,st
Potatismostoppar,2,matfett,2,msk
Potatismostoppar,2,salt,1,krm
Potatismostoppar,2,vitpeppar,1,krm
Potatismostoppar,2,ägg,1,st
Potatismostoppar,3,matfett,1,msk
Pubbiff,1,fransk senap,2,tsk
Pubbiff,1,gul lök,1,st
Pubbiff,1,kapris,2,msk
Pubbiff,1,oxfärs,500,g
Pubbiff,1,potatismjöl,1,msk
Pubbiff,1,salt,1,tsk
Pubbiff,1,svartpeppar,2,krm
Pubbiff,1,tabasco,1,krm
Pubbiff,1,ättiksgurka,0.5,dl
Pubbiff,1,öl,1,dl
Quesadillas,2,el paro,0.5,burk
Quesadillas,2,oxfärs,300,g
Quesadillas,2,vitlöksklyfta,2,klyft
Quesadillas,3,gul lök,2,st
Quesadillas,4,smör,4,msk
Quesadillas,4,tortilla,4,st
Quesadillas,5,el paro,1,burk
Quesadillas,6,gräddost,100,g
Rabarberkaka,1,rabarber,500,g
Rabarberkaka,3,socker,1,dl
Rabarberkaka,4,smör,75,g
Rabarberkaka,4,socker,1,dl
Rabarberkaka,5,havregryn,2,dl
Rabarberkaka,5,kanel,1,tsk
Rabarberkaka,5,sirap,1,msk
Rabarberpaj rosmarin,1,smör,150,g
Rabarberpaj rosmarin,10,socker,1,dl
Rabarberpaj rosmarin,2,socker,1,dl
Rabarberpaj rosmarin,3,havregryn,3,dl
Rabarberpaj rosmarin,3,vaniljsocker,1,tsk
Rabarberpaj rosmarin,3,vetemjöl,3,dl
Rabarberpaj rosmarin,6,potatismjöl,1,msk
Rabarberpaj rosmarin,6,rosmarin,2,krm
Rabarberpaj rosmarin,6,socker,1,dl
Rabarberpaj rosmarin,7,rabarber,500,g
Rimmad lax m fänkål,1,potatis,9,st
Rimmad lax m fänkål,2,mjölk,4,dl
Rimmad lax m fänkål,3,fänkål,1,st
Rimmad lax m fänkål,5,ägg,1,st
Rimmad lax m fänkål,6,muskot,1,stnk
Rimmad lax m fänkål,6,parmesan,1,msk
Rimmad lax m fänkål,6,salt,1,stnk
Rimmad lax m fänkål,6,vitpeppar,1,stnk
Rosa laxbullar,1,laxfilé,500,g
Rosa laxbullar,1,purjolök,1,st
Rosa laxbullar,2,dill,2,msk
Rosa laxbullar,2,dragon,1,tsk
Rosa laxbullar,2,kesella,1,dl
Rosa laxbullar,2,majsstärkelse,2,msk
Rosa laxbullar,2,salt,1,tsk
Rosa laxbullar,2,svartpeppar,1,krm
Rosa laxbullar,2,ägg,2,st
Rosa laxbullar,3,smör,2,msk
Rosa laxbullar,4,crème fraiche,2,dl
Rosa laxbullar,4,dill,1,msk
Rosa laxbullar,4,koncentrerad hummerfond,2,msk
Rosa laxbullar,4,mjölk,2,dl
Rotmos,1,kålrot,1,kg
Rotmos,1,morot,2,st
Rotmos,2,salt,1,krm
Rotmos,2,vatten,2,dl
Rotmos,3,potatis,6,st
Rotmos,5,salt,1,krm
Rotmos,5,vitpeppar,1,krm
Rotsaksgratäng,1,palsternacka,2,st
Rotsaksgratäng,1,potatis,500,g
Rotsaksgratäng,1,rotselleri,250,g
Rotsaksgratäng,2,mjölk,6,dl
Rotsaksgratäng,3,salt,1,tsk
Rotsaksgratäng,3,vitlöksklyfta,2,st
Rotsaksgratäng,3,vitpeppar,1,krm
Rotsaksgratäng,8,riven ost,1,dl
Rårakor,1,morot,2,st
Rårakor,1,potatis,5,st
Rårakor,2,salt,1,krm
Rårakor,3,matfett,1,msk
Råstekt potatis,1,potatis,10,st
Råstekt potatis,4,matfett,3,msk
Råstekt potatis,6,salt,2,krm
Råstekt potatis,6,vitpeppar,1,krm
Räkor grillade,1,cayennepeppar,2,Krm
Räkor grillade,1,olja,3,msk
Räkor grillade,1,vitlöksklyfta,1,st
Räkor grillade,3,räkor,500,gr
Räkor med kräftsmak,1,anis,1,tsk
Räkor med kräftsmak,1,dillkrona,8,st
Räkor med kräftsmak,1,salt,0.5,dl
Räkor med kräftsmak,1,socker,3,tsk
Räkor med kräftsmak,1,vatten,2,lit
Räkor med kräftsmak,3,dillkrona,7,st
Räkor med kräftsmak,3,räkor,1,kg
Räksnäcka Thermidor,1,gul lök,1,st
Räksnäcka Thermidor,1,matfett,1,msk
Räksnäcka Thermidor,1,purjolök,1,bit
Räksnäcka Thermidor,2,dragon,1,tsk
Räksnäcka Thermidor,2,körvel,1,tsk
Räksnäcka Thermidor,2,vitlöksklyfta,2,st
Räktoast Fingal,1,räkor,1,hg
Räktoast Fingal,2,crème fraiche,2,dl
Räktoast Fingal,2,vitlöksklyfta,2,st
Räktoast Fingal,3,dill,1,msk
Rökt lax i olja,1,dill,0.5,dl
Rökt lax i olja,1,olivolja,1,dl
Rökt lax i olja,2,laxrom,40,g
Rökt lax i olja,2,rökt lax,4,skiv
Rökt lax i olja,2,vitpeppar,1,krm
Rökt lax i olja,3,citron,1,klft
Schnitzel med skysås- kapris & zucchini,1,skinkstek,600,g
Schnitzel med skysås- kapris & zucchini,10,kapris,1,dl
Schnitzel med skysås- kapris & zucchini,10,smör,1,msk
Schnitzel med skysås- kapris & zucchini,10,svartpeppar,1,krm
Schnitzel med skysås- kapris & zucchini,11,citron,1,st
Schnitzel med skysås- kapris & zucchini,11,persilja,1,knp
Schnitzel med skysås- kapris & zucchini,2,ägg,2,st
Schnitzel med skysås- kapris & zucchini,3,flingsalt,0.5,tsk
Schnitzel med skysås- kapris & zucchini,3,peppar,1,krm
Schnitzel med skysås- kapris & zucchini,3,ströbröd,2,dl
Schnitzel med skysås- kapris & zucchini,3,vetemjöl,2,dl
Schnitzel med skysås- kapris & zucchini,4,olja,1,msk
Schnitzel med skysås- kapris & zucchini,4,smör,1,msk
Schnitzel med skysås- kapris & zucchini,6,oxfond,0.33333298563957214,dl
Schnitzel med skysås- kapris & zucchini,6,rött vin,1,dl
Schnitzel med skysås- kapris & zucchini,6,smör,2,msk
Schnitzel med skysås- kapris & zucchini,6,vatten,1,dl
Schnitzel med skysås- kapris & zucchini,7,redning,1,tsk
Schnitzel med skysås- kapris & zucchini,7,svartpeppar,1,krm
Schnitzel med skysås- kapris & zucchini,9,rödlök,1,st
Schnitzel med skysås- kapris & zucchini,9,zucchini,1,st
Sillknyten,3,smör,1,msk
Sillknyten,4,potatis,2,st
Sillknyten,4,sillfiléer,50,g
Sillknyten,4,ägg,1,st
Sillknyten,5,peppar,1,krm
Sillknyten,5,salt,1,tsk
Skink- o ostrulader,1,skinka i skivor,600,g
Skink- o ostrulader,11,cayennepeppar,1,krm
Skink- o ostrulader,11,citronsaft,1,msk
Skink- o ostrulader,11,honung,2,msk
Skink- o ostrulader,2,peppar,1,krm
Skink- o ostrulader,2,salt,1,krm
Skink- o ostrulader,2,salvia,1,krm
Skink- o ostrulader,3,parmesan,50,g
Skink- o ostrulader,3,rökt skinka,100,g
Skink- o ostrulader,5,matfett,1,msk
Skink- o ostrulader,6,vatten,1,dl
Skink- o ostrulader,8,grädde,2,dl
Skink- o ostrulader,9,kålrot,1,bit
Skink- o ostrulader,9,morot,2,st
Skink- o ostrulader,9,potatis,2,st
Skink- o ostrulader,9,rotselleri,1,bit
Skinka med tonfisk,1,citronsaft,1,msk
Skinka med tonfisk,1,majonnäs,3,msk
Skinka med tonfisk,1,tonfisk,1,burk
Skinka med tonfisk,2,hönsbuljong,1,dl
Skinka med tonfisk,3,salt,1,krm
Skinka med tonfisk,3,svartpeppar,1,krm
Skinka med tonfisk,4,skinka i skivor,1,burk
Skinka med tonfisk,6,potatis,10,st
Skinka med tonfisk,7,kapris,10,st
Skinkrullar med bana,1,banan,4,st
Skinkrullar med bana,2,rökt skinka,8,skiv
Skinkrullar med bana,4,grädde,1,dl
Skinkrullar med bana,4,potatismjöl,1,tsk
Skinkrullar med bana,4,riven ost,1,dl
Skinkrullar med bana,4,sherry,2,msk
Slottsstek på oxfilé,1,matfett,1,msk
Slottsstek på oxfilé,1,oxfilé,1,kg
Slottsstek på oxfilé,2,ansjovisfiléer,7,st
Slottsstek på oxfilé,2,kryddpeppar,8,st
Slottsstek på oxfilé,2,oxbuljong,1,trn
Slottsstek på oxfilé,2,sirap,1,msk
Slottsstek på oxfilé,2,vinäger,3,msk
Slottsstek på oxfilé,6,matlagningsgrädde,2,dl
Slottsstek på oxfilé,7,arrowrotmjöl,1,tsk
Slottsstek på oxfilé,7,salt,2,krm
Små mumsbitar,1,avokado,1,st
Små mumsbitar,3,gourmet kesella,1,dl
Små mumsbitar,4,citronsaft,1,tsk
Små mumsbitar,4,salt,1,krm
Små mumsbitar,5,vitt bröd,0,
Små mumsbitar,6,valnöt,1,msk
Spaghetti / skinksås,1,arrowrotmjöl,1,tsk
Spaghetti / skinksås,1,crème fraiche,2,dl
Spaghetti / skinksås,1,hönsbuljong,2,dl
Spaghetti / skinksås,2,riven ost,2,
Spaghetti / skinksås,4,rökt skinka,200,gr
Spaghetti / skinksås,5,persilja,1,knipp
Spaghetti / skinksås,6,peppar,0,
Spaghetti / skinksås,6,salt,0,
Spaghetti / skinksås,6,vitlöksklyfta,1,st
Spansk hönsgryta,1,höna,1,st
Spansk hönsgryta,2,röd paprika,3,st
Spansk hönsgryta,3,bacon,200,g
Spansk hönsgryta,3,gul lök,1,st
Spansk hönsgryta,4,vitlöksklyfta,2,st
Spansk hönsgryta,5,cayennepeppar,1,krm
Spansk hönsgryta,5,krossad tomat,1,burk
Spansk hönsgryta,5,paprikapulver,2,tsk
Spansk hönsgryta,5,svartpeppar,0,
Spenatpaj,1,spenat,300,g
Spenatpaj,2,margarin,125,g
Spenatpaj,2,mjöl,3,dl
Spenatpaj,3,vatten,3,msk
Spenatpaj,6,margarin,1,msk
Spenatpaj,6,purjolök,100,g
Spenatpaj,7,kokt skinka,75,g
Spenatpaj,8,mjölk,3,dl
Spenatpaj,8,ägg,3,st
Spenatpaj,9,ädelost,75,g
Sportdryck,1,glukospolymer,50,gr
Sportdryck,1,salt,2,gr
Sportdryck,1,vatten,1,l
Sportdryck,2,apelsinjuice,10,ml
Sportdryck,2,citron,10,ml
Sportdryck,2,honung,1,msk
Squashgratäng,2,matfett,0.5,msk
Squashgratäng,2,squash,1,st
Squashgratäng,3,peppar,1,krm
Squashgratäng,3,salladskrydda,1,tsk
Squashgratäng,3,salt,0.5,tsk
Squashgratäng,4,matlagningsgrädde,1.5,dl
Squashgratäng,4,ost,1,dl
Squashgratäng,4,vitlöksklyfta,1,st
Squashgratäng,5,sesamfrö,3,msk
Stekta laxkuber i timjan- och rucolavinägrett,2,balsamvinäger,1,dl
Stekta laxkuber i timjan- och rucolavinägrett,2,dijonsenap,1,msk
Stekta laxkuber i timjan- och rucolavinägrett,2,olivolja,1,msk
Stekta laxkuber i timjan- och rucolavinägrett,2,rucola,70,g
Stekta laxkuber i timjan- och rucolavinägrett,2,salt,1,tsk
Stekta laxkuber i timjan- och rucolavinägrett,2,timjan,1,kruka
Stekta laxkuber i timjan- och rucolavinägrett,3,laxfilé,1,kg
Stekta laxkuber i timjan- och rucolavinägrett,4,olivolja,1,msk
Stekta laxkuber i timjan- och rucolavinägrett,4,smör,2,msk
Stekta laxkuber i timjan- och rucolavinägrett,4,svartpeppar,1,krm
Stenborgs limpa,1,smör,1,msk
Stenborgs limpa,1,ströbröd,1,msk
Stenborgs limpa,2,bikarbonat,2,tsk
Stenborgs limpa,2,brödkryddor,2,tsk
Stenborgs limpa,2,lingonsylt,5,msk
Stenborgs limpa,2,mjölk,4,dl
Stenborgs limpa,2,rågmjöl,5,dl
Stenborgs limpa,2,salt,1,nypa
Stenborgs limpa,2,sirap,1,dl
Stenborgs limpa,2,vetemjöl,3,dl
Strimlat kött,1,mango chutney,3,msk
Strimlat kött,1,salt,1,krm
Strimlat kött,1,soja,2,msk
Strimlat kött,1,tomatjuice,1,dl
Strimlat kött,1,vitpeppar,1,krm
Strimlat kött,1,worcestershiresås,1,msk
Strimlat kött,2,matolja,4,msk
Strimlat kött,3,innanlår,500,g
Strimlat kött,5,fänkål,1,st
Strimlat kött,5,grön paprika,1,st
Strimlat kött,5,gul paprika,1,st
Strimlat kött,5,morot,1,st
Strimlat kött,5,röd paprika,1,st
Strimlat kött,5,squash,1,st
Strimlat kött,5,vitlöksklyfta,3,st
Strömming i marinad,1,strömmingfilé,2,kg
Strömming i marinad,2,citron,6,st
Strömming i marinad,2,gul lök,4,st
Strömming i marinad,4,olivolja,3,dl
Strömming i marinad,4,vitvinsvinäger,1,dl
Strömming i marinad,5,limefrukt,1,st
Strömming i marinad,5,vitlöksklyfta,3,st
Svampsoppa,1,torkad svamp,2,dl
Svampsoppa,1,vatten,4,dl
Svampsoppa,2,gul lök,1,dl
Svampsoppa,2,smör,1,msk
Svampsoppa,3,mjöl,2,msk
Svampsoppa,4,buljong,6,dl
Svampsoppa,4,timjan,1,krm
Svampsoppa,5,crème fraiche,0,
Svartpepparsås,1,gul lök,0.5,st
Svartpepparsås,1,smör,1,msk
Svartpepparsås,1,svartpepparkorn,1,msk
Svartpepparsås,2,vatten,0.5,dl
Svartpepparsås,3,grädde,2,dl
Svartpepparsås,5,pressad citron,2,tsk
Svartpepparsås,5,salt,1,krm
Svartvinbärsbål,1,citronsaft,1,dl
Svartvinbärsbål,1,ginger-ale,33,cl
Svartvinbärsbål,1,svart vinbärsaft,1,liter
Svartvinbärsbål,1,svart vinbärscider,5,dl
Svartvinbärsbål,2,hallon,2,dl
Svartvinbärsbål,2,svarta vinbär,2,dl
Sweet chiligryta med fisk,1,torskfilé,600,g
Sweet chiligryta med fisk,2,paprika,3,st
Sweet chiligryta med fisk,2,purjolök,2,st
Sweet chiligryta med fisk,2,vitlöksklyftor,2,st
Sweet chiligryta med fisk,3,smör,2,msk
Sweet chiligryta med fisk,4,fiskbuljong,2,st
Sweet chiligryta med fisk,4,grädde,2,dl
Sweet chiligryta med fisk,4,salt,0.5,tsk
Sweet chiligryta med fisk,4,Sweet chilisås,4,msk
Sweet chiligryta med fisk,4,vatten,2,dl
Terrin a la Ellika,1,gul lök,1,st
Terrin a la Ellika,2,fläskfärs,100,g
Terrin a la Ellika,2,kalvfärs,400,g
Terrin a la Ellika,2,lagerblad,1,st
Terrin a la Ellika,2,salt,2,tsk
Terrin a la Ellika,2,smör,100,g
Terrin a la Ellika,2,vitlöksklyfta,1,st
Terrin a la Ellika,2,ägg,2,st
Terrin a la Ellika,4,leverpastej,300,g
Terrin a la Ellika,7,gröna oliver,10,st
Thaigryta med rotsaker och räkor,1,morot,200,g
Thaigryta med rotsaker och räkor,1,palsternacka,200,g
Thaigryta med rotsaker och räkor,1,potatis,200,g
Thaigryta med rotsaker och räkor,2,currypasta,1.5,msk
Thaigryta med rotsaker och räkor,2,lök,1,gul
Thaigryta med rotsaker och räkor,2,olivolja,2,msk
Thaigryta med rotsaker och räkor,3,kokosmjölk,1,burk
Thaigryta med rotsaker och räkor,3,vatten,2,dl
Thaigryta med rotsaker och räkor,4,räkor,1,kg
Thaigryta med rotsaker och räkor,5,citronklyftor,6,st
Thaigryta med rotsaker och räkor,5,koriander,1,kruka
Thaisoppa med räkor och grönsaker,1,broccoli,250,g
Thaisoppa med räkor och grönsaker,1,lök,1,gul
Thaisoppa med räkor och grönsaker,1,morot,1,st
Thaisoppa med räkor och grönsaker,1,paprika,1,röd
Thaisoppa med räkor och grönsaker,1,rapsolja,1,msk
Thaisoppa med räkor och grönsaker,1,räkor,1,kilo
Thaisoppa med räkor och grönsaker,2,asiatisk fisksås,4,msk
Thaisoppa med räkor och grönsaker,2,kokosmjölk,40,ml
Thaisoppa med räkor och grönsaker,2,röd currypasta,1.5,msk
Thaisoppa med räkor och grönsaker,2,sambal olek,0.75,msk
Thaisoppa med räkor och grönsaker,2,vatten,8,dl
Thaisoppa med räkor och grönsaker,3,skivade vattenkastanjer,225,g
Tomatsaltsa,1,gul lök,1,st
Tomatsaltsa,1,vitlöksklyfta,3,st
Tomatsaltsa,3,grönsaksbuljong,1,st
Tomatsaltsa,3,vitt vin,2,dl
Tomatsaltsa,5,finkrossad tomat,1,pkt
Tomatsaltsa,5,olivolja,1,msk
Tomatsaltsa,5,sambal,1,msk
Tomatsaltsa,6,peppar,1,krm
Tomatsaltsa,6,salt,1,krm
Tunnbrödssnittar med västerbottensost och rom,1,crème fraiche,2,dl
Tunnbrödssnittar med västerbottensost och rom,1,dill,1,dl
Tunnbrödssnittar med västerbottensost och rom,1,kesella 10 %,1,dl
Tunnbrödssnittar med västerbottensost och rom,1,rom valfri,80,g
Tunnbrödssnittar med västerbottensost och rom,1,svartpeppar nymalen,1,krm
Tunnbrödssnittar med västerbottensost och rom,1,västerbottensost,150,g
Tunnbrödssnittar med västerbottensost och rom,2,tunnbröd mjuka rektangulära,3,st
Tunnbrödssnittar med västerbottensost och rom,4,dill,0.5,dl
Tunnbrödssnittar med västerbottensost och rom,4,gräslök,0.5,dl
Tunnbrödssnittar med västerbottensost och rom,7,rom,80,g
Tårta à la Eva-Carin,1,socker,1,dl
Tårta à la Eva-Carin,1,äggulor,3,st
Tårta à la Eva-Carin,10,mandel,50,g
Tårta à la Eva-Carin,2,smör,50,g
Tårta à la Eva-Carin,3,mjölk,5,msk
Tårta à la Eva-Carin,4,bakpulver,5,tsk
Tårta à la Eva-Carin,4,vetemjöl,2,dl
Tårta à la Eva-Carin,6,vaniljsocker,1,tsk
Tårta à la Eva-Carin,8,strösocker,2,dl
Tårta à la Eva-Carin,8,äggvitor,3,st
Ugnsomelett och morotssallad,1,smör,1,msk
Ugnsomelett och morotssallad,2,salt,1,tsk
Ugnsomelett och morotssallad,2,svartpeppar,0.5,tsk
Ugnsomelett och morotssallad,2,vatten,2,dl
Ugnsomelett och morotssallad,2,ägg,5,st
Ugnsomelett och morotssallad,3,oregano,0.5,dl
Ugnsomelett och morotssallad,3,ost,2,dl
Ugnsomelett och morotssallad,3,tomater,3,st
Ugnsomelett och morotssallad,6,bacon,140,g
Ugnsomelett och morotssallad,7,morötter,4,st
Ugnsomelett och morotssallad,7,vitkålshuvud,0.25,st
Ugnsomelett och morotssallad,8,olivolja,0.5,dl
Ugnsomelett och morotssallad,8,smörgåskrasse,1,knippe
Ugnsomelett och morotssallad,8,svartpeppar,1,krm
Ugnsomelett och morotssallad,8,vitvinsvinäger,2,msk
V-Gustavs festfisk,1,fiskbuljong,1,st
V-Gustavs festfisk,2,gul lök,1,st
V-Gustavs festfisk,2,lagerblad,1,st
V-Gustavs festfisk,2,persilja,2,bnt
V-Gustavs festfisk,2,vatten,2,dl
V-Gustavs festfisk,2,vin vitt torrt,1,dl
V-Gustavs festfisk,5,grädde,3,dl
V-Gustavs festfisk,7,matfett,1,msk
V-Gustavs festfisk,7,rödtunga,600,g
V-Gustavs festfisk,8,riven ost,4,msk
V-Gustavs festfisk,8,smör,4,msk
V-Gustavs festfisk,8,äggula,1,st
Varm getostmacka,1,getost,4,skiv
Varm getostmacka,2,lantbröd,4,skiv
Varm getostmacka,3,svarta oliver,16,st
Varm getostmacka,4,honung,4,msk
Veg. Jambalaya,1,avoriris,2,dl
Veg. Jambalaya,1,gurkmeja,1,tsk
Veg. Jambalaya,1,vatten,4,dl
Veg. Jambalaya,2,champinjoner,2,hg
Veg. Jambalaya,2,grön paprika,1,st
Veg. Jambalaya,2,gul lök,1,st
Veg. Jambalaya,2,purjolök,1,dl
Veg. Jambalaya,2,röd paprika,1,st
Veg. Jambalaya,2,vitlöksklyfta,1,st
Veg. Jambalaya,2,äpplen-syrliga,2,st
Veg. Jambalaya,3,olivolja,1,msk
Veg. Jambalaya,4,tomatpuré,3,msk
Veg. Jambalaya,4,vegetarisk buljong,2,dl
Veg. Jambalaya,5,grädde,2,dl
Veg. Jambalaya,5,mjöl,2,msk
Veg. Jambalaya,6,curry,1,tsk
Veg. Jambalaya,6,oregano,1,tsk
Veg. Jambalaya,6,senap,1,msk
Veg. Jambalaya,8,banan,0,
Veg. Jambalaya,8,persilja,0,
Veg.Grekisk Moussaka,1,auberginer,2,st
Veg.Grekisk Moussaka,10,riven ost,2,dl
Veg.Grekisk Moussaka,2,olja,2,msk
Veg.Grekisk Moussaka,3,gul lök,2,st
Veg.Grekisk Moussaka,4,vitlöksklyfta,1,st
Veg.Grekisk Moussaka,5,paprika,3,st
Veg.Grekisk Moussaka,6,buljongpasta,1,tsk
Veg.Grekisk Moussaka,6,rosmarin,1,tsk
Veg.Grekisk Moussaka,6,tomat,1,burk
Veg.Grekisk Moussaka,7,lantvetemjöl,5,msk
Veg.Grekisk Moussaka,8,mjölk,7,dl
Veg.Grekisk Moussaka,8,olja,1,msk
Veg.Grekisk Moussaka,9,paprikapulver,1,tsk
Veg.Grekisk Moussaka,9,örtsalt,0,
Viltskav,1,viltskav,1,pkt
Viltskav,10,lingon,0.5,dl
Viltskav,2,trattkantareller,200,g
Viltskav,4,rödlök,1,st
Viltskav,5,matfett,1,msk
Viltskav,6,peppar,1,krm
Viltskav,6,salt,1,krm
Viltskav,7,buljong,1,tärning
Viltskav,7,crème fraiche,2,dl
Viltskav,7,enbär,5,st
Viltskav,7,gelé,1,msk
Viltskav,7,soja,0.5,msk
Viltskav,7,timjan,2,msk
Viltskav,7,vatten,1,dl
Viltskav,7,vinbärssaft,1,msk
Viltskav,9,peppar,2,krm
Viltskav,9,salt,1,tsk
Wokade räkor,1,räkor,500,g
Wokade räkor,2,salt,1,krm
Wokade räkor,2,sambal olek,2,tsk
Wokade räkor,2,tomatjuice,2,dl
Wokade räkor,2,vitlöksklyfta,4,st
Wokade räkor,2,vitpeppar,1,krm
Wokade räkor,2,vitt vin,1,dl
Wokade räkor,3,olja,3,msk
Wokade räkor,4,purjolök,1,st
Wokade räkor,5,minimajskolv,12,st
Wokade räkor,5,morot,1,st
Wokade räkor,5,squash,1,st
Wokade räkor,5,ärtor-socker,20,st
Wokade räkor,7,citron,1,st
Ädelostsås m. sherry,1,gul lök,1,st
Ädelostsås m. sherry,1,smör,2,msk
Ädelostsås m. sherry,2,ädelost,50,g
Ädelostsås m. sherry,3,senap,1,msk
Ädelostsås m. sherry,3,sherry,1,dl
Ädelostsås m. sherry,5,grädde,3,dl
Ädelostsås m. sherry,6,peppar,0,
Ädelostsås m. sherry,6,salt,0,
Äppelkaka,1,äpplen,2,st
Äppelkaka,2,margarin,140,g
Äppelkaka,2,socker,2,dl
Äppelkaka,3,ägg,1,st
Äppelkaka,4,vetemjöl,2,dl
Äppelkaka sega,1,strösocker,5,dl
Äppelkaka sega,1,ägg,4,st
Äppelkaka sega,2,bakpulver,1,tsk
Äppelkaka sega,2,margarin,4,dl
Äppelkaka sega,2,vetemjöl,8,dl
Äppelkaka sega,3,äpplen,10,st
Äppelkaka sega,4,margarin,1,msk