/Users/sixten/SKETCHUP,Baxter,.skp,F,2007-02-08,21:26:05,1210357
/Users/sixten/SKETCHUP,VinkelStock,,D,2021-11-18,21:06:23,160
/Users/sixten/SKETCHUP/VinkelStock,UseCase1,.skp,F,2011-10-17,21:15:35,53336
/Users/sixten/SKETCHUP/VinkelStock,VinkelStock,.skp,F,2011-11-12,12:54:58,125001
/Users/sixten/SKETCHUP/VinkelStock,UseCase2,.skp,F,2011-10-17,21:24:36,49377
/Users/sixten/SKETCHUP,LastPallSketchup,.skp,F,2009-03-29,11:17:37,227658
/Users/sixten/SKETCHUP,Hemmet,,D,2021-11-18,21:06:23,96
/Users/sixten/SKETCHUP/Hemmet,IVAR,.skp,F,2013-07-06,12:59:21,183037
/Users/sixten/SKETCHUP,CUBE,,D,2021-11-18,21:06:23,160
/Users/sixten/SKETCHUP/CUBE,Cube4,.stl,F,2018-03-24,22:01:48,63509
/Users/sixten/SKETCHUP/CUBE,Cube4,.skp,F,2018-03-24,22:02:51,71838
/Users/sixten/SKETCHUP/CUBE,CubeFitAndSolve,.skp,F,2018-03-29,09:09:27,165296
/Users/sixten/SKETCHUP,MOA,,D,2023-01-25,13:19:54,192
/Users/sixten/SKETCHUP/MOA,AsosKitchen,,D,2023-01-25,13:19:59,736
/Users/sixten/SKETCHUP/MOA/AsosKitchen,Skiss1 copy 3,.skp,F,2013-09-24,21:50:26,194246
/Users/sixten/SKETCHUP/MOA/AsosKitchen,Skiss1 copy 2,.skp,F,2013-09-24,19:53:11,165177
/Users/sixten/SKETCHUP/MOA/AsosKitchen,Koksskkap,.skp,F,2014-10-13,22:05:04,115639
/Users/sixten/SKETCHUP/MOA/AsosKitchen,Utrustning,.numbers,F,2013-09-25,13:23:12,88970
/Users/sixten/SKETCHUP/MOA/AsosKitchen,PlanerPDF,,D,2021-11-18,21:06:24,128
/Users/sixten/SKETCHUP/MOA/AsosKitchen/PlanerPDF,Allajobb,.pdf,F,2014-03-19,11:17:29,47076
/Users/sixten/SKETCHUP/MOA/AsosKitchen/PlanerPDF,Ordningsplan,.pdf,F,2014-03-19,11:16:14,30025
/Users/sixten/SKETCHUP/MOA/AsosKitchen,ALIKOKET~,.skp,F,2013-05-23,20:00:13,72725
/Users/sixten/SKETCHUP/MOA/AsosKitchen,ALIKOKET,.skp,F,2013-05-23,20:35:14,83376
/Users/sixten/SKETCHUP/MOA/AsosKitchen,MINIVAR~,.skp,F,2013-07-06,14:54:40,90364
/Users/sixten/SKETCHUP/MOA/AsosKitchen,MINIVAR,.skp,F,2013-07-07,13:58:37,96792
/Users/sixten/SKETCHUP/MOA/AsosKitchen,Skiss2,.pdf,F,2013-09-25,09:30:59,73796
/Users/sixten/SKETCHUP/MOA/AsosKitchen,Utrustning,.pdf,F,2013-09-25,11:01:41,26901
/Users/sixten/SKETCHUP/MOA/AsosKitchen,ALIKOKET copy,.skp,F,2013-05-21,19:25:52,57059
/Users/sixten/SKETCHUP/MOA/AsosKitchen,Skiss1,.pdf,F,2013-09-25,09:24:46,72785
/Users/sixten/SKETCHUP/MOA/AsosKitchen,Skiss1~,.skp,F,2013-09-25,09:31:49,200590
/Users/sixten/SKETCHUP/MOA/AsosKitchen,Skiss1 copy,.skp,F,2013-09-21,14:55:26,75996
/Users/sixten/SKETCHUP/MOA/AsosKitchen,Skiss1,.skp,F,2013-09-28,07:20:35,195331
/Users/sixten/SKETCHUP/MOA/AsosKitchen,BackUp,,D,2021-11-18,21:06:24,192
/Users/sixten/SKETCHUP/MOA/AsosKitchen/BackUp,PlaneringMoaAnton_2014-03-19_11.50.21,.sql,F,2014-03-19,10:50:23,5487
/Users/sixten/SKETCHUP/MOA/AsosKitchen/BackUp,PlaneringMoaAnton_2014-03-19_00.15.39,.sql,F,2014-03-18,23:15:42,5447
/Users/sixten/SKETCHUP/MOA/AsosKitchen/BackUp,PlaneringMoaAnton_2014-03-18_19.00.48,.sql,F,2014-03-18,18:01:18,5066
/Users/sixten/SKETCHUP/MOA/AsosKitchen/BackUp,PlaneringMoaAnton_2014-03-18_19.01.20,.sql,F,2014-03-18,18:01:22,5066
/Users/sixten/SKETCHUP/MOA/AsosKitchen,Koksskkap~,.skp,F,2014-10-13,20:35:22,114666
/Users/sixten/SKETCHUP/MOA/AsosKitchen,Planer,.pages,D,2021-11-18,21:06:24,192
/Users/sixten/SKETCHUP/MOA/AsosKitchen/Planer.pages,Contents,,D,2021-11-18,21:06:24,96
/Users/sixten/SKETCHUP/MOA/AsosKitchen/Planer.pages/Contents,PkgInfo,,F,2013-09-22,17:10:27,8
/Users/sixten/SKETCHUP/MOA/AsosKitchen/Planer.pages,thumbs,,D,2021-11-18,21:06:24,96
/Users/sixten/SKETCHUP/MOA/AsosKitchen/Planer.pages/thumbs,page_thumb_1,.tiff,F,2013-09-28,07:19:59,6580
/Users/sixten/SKETCHUP/MOA/AsosKitchen/Planer.pages,index.xml,.gz,F,2013-09-28,07:19:59,25461
/Users/sixten/SKETCHUP/MOA/AsosKitchen,Utrustning,.xls,F,2013-09-25,10:57:38,9728
/Users/sixten/SKETCHUP/MOA,moasgarage,.skp,F,2019-04-09,11:57:19,188273
/Users/sixten/SKETCHUP/MOA,Skafto,,D,2023-01-29,16:02:08,448
/Users/sixten/SKETCHUP/MOA/Skafto,SOLHEM2011-4,.jpg,F,2021-06-07,14:21:50,256766
/Users/sixten/SKETCHUP/MOA/Skafto,SOLHEM2021,,D,2021-11-18,21:06:25,320
/Users/sixten/SKETCHUP/MOA/Skafto/SOLHEM2021,solhem2,.pdf,F,2021-05-16,10:10:39,32203
/Users/sixten/SKETCHUP/MOA/Skafto/SOLHEM2021,Solhem3,.pdf,F,2021-05-16,10:10:59,28674
/Users/sixten/SKETCHUP/MOA/Skafto/SOLHEM2021,Solhem1,.pdf,F,2021-05-16,10:10:04,45774
/Users/sixten/SKETCHUP/MOA/Skafto/SOLHEM2021,Solhem4,.pdf,F,2021-05-16,10:11:22,27644
/Users/sixten/SKETCHUP/MOA/Skafto/SOLHEM2021,Solhem2011-2~,.skp,F,2021-05-16,10:08:41,166883
/Users/sixten/SKETCHUP/MOA/Skafto/SOLHEM2021,Solhem2011-2,.skp,F,2021-05-16,10:11:50,168937
/Users/sixten/SKETCHUP/MOA/Skafto/SOLHEM2021,Solhem2021,.skp,F,2021-05-15,22:27:35,163337
/Users/sixten/SKETCHUP/MOA/Skafto/SOLHEM2021,Solhem2021~,.skp,F,2021-05-15,13:39:38,156454
/Users/sixten/SKETCHUP/MOA/Skafto,Hus2021,.skp,F,2021-09-13,20:03:41,154371
/Users/sixten/SKETCHUP/MOA/Skafto,SOLHEM2011-4,.skp,F,2021-06-07,14:20:53,181945
/Users/sixten/SKETCHUP/MOA/Skafto,Solhem2011-3,.skp,F,2021-06-03,14:19:41,158096
/Users/sixten/SKETCHUP/MOA/Skafto,211006 Bokenaes-Berg 5-1 skiss.pdf,.pdf,F,2021-10-07,09:08:03,234514
/Users/sixten/SKETCHUP/MOA/Skafto,Untitled,.skp,F,2021-09-18,13:07:31,1445495
/Users/sixten/SKETCHUP/MOA/Skafto,Minasynpunkter,.key,F,2021-10-07,09:19:00,672305
/Users/sixten/SKETCHUP/MOA/Skafto,DoorsAndWindows,.skp,F,2021-10-04,09:44:48,160785
/Users/sixten/SKETCHUP/MOA/Skafto,SOLHEM2021AUG,,D,2021-11-18,21:06:26,448
/Users/sixten/SKETCHUP/MOA/Skafto/SOLHEM2021AUG,Planslosning copy,.skp,F,2021-09-08,09:28:27,181242
/Users/sixten/SKETCHUP/MOA/Skafto/SOLHEM2021AUG,Planslosning-2,.skp,F,2021-09-14,11:49:57,217530
/Users/sixten/SKETCHUP/MOA/Skafto/SOLHEM2021AUG,SOLHEM2021-aug-1~,.skp,F,2021-09-06,16:59:02,410966
/Users/sixten/SKETCHUP/MOA/Skafto/SOLHEM2021AUG,Prover,.skp,F,2021-09-07,08:03:07,147656
/Users/sixten/SKETCHUP/MOA/Skafto/SOLHEM2021AUG,Measures,.pdf,F,2021-09-09,13:27:03,65513
/Users/sixten/SKETCHUP/MOA/Skafto/SOLHEM2021AUG,Doors~,.skp,F,2021-09-07,10:18:15,173203
/Users/sixten/SKETCHUP/MOA/Skafto/SOLHEM2021AUG,Planslosning-2~,.skp,F,2021-09-14,11:29:44,187355
/Users/sixten/SKETCHUP/MOA/Skafto/SOLHEM2021AUG,SOLHEM2021-aug-1 copy,.skp,F,2021-06-07,14:20:53,181945
/Users/sixten/SKETCHUP/MOA/Skafto/SOLHEM2021AUG,Planslosning,.skp,F,2021-09-29,20:24:38,161030
/Users/sixten/SKETCHUP/MOA/Skafto/SOLHEM2021AUG,Doors,.skp,F,2021-09-07,13:26:54,172263
/Users/sixten/SKETCHUP/MOA/Skafto/SOLHEM2021AUG,Planslosning~,.skp,F,2021-09-10,13:45:36,191165
/Users/sixten/SKETCHUP/MOA/Skafto/SOLHEM2021AUG,SOLHEM2021-aug-1,.skp,F,2021-09-06,20:58:55,402619
/Users/sixten/SKETCHUP/MOA/Skafto,Untitled,.png,F,2021-10-07,09:19:56,60379
/Users/sixten/SKETCHUP/MOA/Skafto,Hus2-21xxx,.skp,F,2021-09-13,09:03:52,154241
/Users/sixten/SKETCHUP,Matte,,D,2021-11-18,21:06:26,64
/Users/sixten/SKETCHUP,Knutar,,D,2023-01-29,14:35:17,1024
/Users/sixten/SKETCHUP/Knutar,func_bergochdal,.rb,F,2019-04-15,09:51:09,233
/Users/sixten/SKETCHUP/Knutar,verify_bergochdal.rb,.bak,F,2019-04-17,21:20:19,3043
/Users/sixten/SKETCHUP/Knutar,mjukcirkel.rb,.bak,F,2019-04-14,21:02:29,2620
/Users/sixten/SKETCHUP/Knutar,JUSTSPLINE,,D,2021-11-18,21:06:26,384
/Users/sixten/SKETCHUP/Knutar/JUSTSPLINE,XXX,.rb,F,2019-07-11,22:24:50,12510
/Users/sixten/SKETCHUP/Knutar/JUSTSPLINE,func_spline,.rb,F,2019-07-12,20:38:20,14278
/Users/sixten/SKETCHUP/Knutar/JUSTSPLINE,artelleris,.rb,F,2019-07-10,16:31:16,607
/Users/sixten/SKETCHUP/Knutar/JUSTSPLINE,start,.rb,F,2019-07-07,22:10:09,4592
/Users/sixten/SKETCHUP/Knutar/JUSTSPLINE,123,.rb,F,2019-07-07,16:59:30,236
/Users/sixten/SKETCHUP/Knutar/JUSTSPLINE,aaa,.rb,F,2019-06-20,16:24:30,261
/Users/sixten/SKETCHUP/Knutar/JUSTSPLINE,boj1,.rb,F,2019-06-25,09:51:36,274
/Users/sixten/SKETCHUP/Knutar/JUSTSPLINE,cls_EditQSplineTool,.rb,F,2019-06-25,10:01:17,6083
/Users/sixten/SKETCHUP/Knutar/JUSTSPLINE,cls_QSplineTool,.rb,F,2019-06-23,13:47:35,5439
/Users/sixten/SKETCHUP/Knutar,func_circtantanintersect,.rb,F,2019-04-16,16:12:19,1025
/Users/sixten/SKETCHUP/Knutar,splineinteraktiv,.rb,F,2019-06-19,22:20:27,12844
/Users/sixten/SKETCHUP/Knutar,verify_circtantanintersect.rb,.bak,F,2019-04-15,14:24:58,1645
/Users/sixten/SKETCHUP/Knutar,ROPES,,D,2023-01-29,14:35:34,1184
/Users/sixten/SKETCHUP/Knutar/ROPES,cls_platt,.rb,F,2019-06-14,21:41:52,6661
/Users/sixten/SKETCHUP/Knutar/ROPES,cls_boj.rb,.bak,F,2019-04-22,12:14:34,1696
/Users/sixten/SKETCHUP/Knutar/ROPES,anglebetweenvectors,.nb,F,2019-05-15,21:59:51,16571
/Users/sixten/SKETCHUP/Knutar/ROPES,plattnb,.nb,F,2019-04-20,22:20:19,20861
/Users/sixten/SKETCHUP/Knutar/ROPES,spiral,.nb,F,2019-05-15,11:19:12,345466
/Users/sixten/SKETCHUP/Knutar/ROPES,cls_rep,.rb,F,2019-06-14,21:54:55,21854
/Users/sixten/SKETCHUP/Knutar/ROPES,koordtransfer,.nb,F,2019-07-12,22:19:33,190631
/Users/sixten/SKETCHUP/Knutar/ROPES,cls_config,.rb,F,2019-05-24,09:02:14,967
/Users/sixten/SKETCHUP/Knutar/ROPES,run_1,.rb,F,2019-05-11,13:16:59,3492
/Users/sixten/SKETCHUP/Knutar/ROPES,Optimize-1,.nb,F,2010-09-26,15:04:12,43681
/Users/sixten/SKETCHUP/Knutar/ROPES,nyplatt,.nb,F,2019-06-10,11:49:27,82463
/Users/sixten/SKETCHUP/Knutar/ROPES,run_1.rb,.bak,F,2019-04-22,11:10:09,2078
/Users/sixten/SKETCHUP/Knutar/ROPES,cls_bergochdal,.rb,F,2019-06-14,19:21:59,8552
/Users/sixten/SKETCHUP/Knutar/ROPES,cls_kontakt,.rb,F,2019-06-11,09:32:14,3420
/Users/sixten/SKETCHUP/Knutar/ROPES,Untitled-1,.nb,F,2019-06-09,17:07:07,29874
/Users/sixten/SKETCHUP/Knutar/ROPES,Rotation,.nb,F,2019-06-09,22:43:10,99447
/Users/sixten/SKETCHUP/Knutar/ROPES,bassenskp,.skp,F,2019-04-22,09:40:28,131365
/Users/sixten/SKETCHUP/Knutar/ROPES,eskima,.rb,F,2019-05-23,11:21:23,5563
/Users/sixten/SKETCHUP/Knutar/ROPES,cls_platt.rb,.bak,F,2019-04-22,15:52:31,2546
/Users/sixten/SKETCHUP/Knutar/ROPES,cls_spiral,.rb,F,2019-06-14,21:42:23,7865
/Users/sixten/SKETCHUP/Knutar/ROPES,REP,,D,2023-01-29,14:35:58,736
/Users/sixten/SKETCHUP/Knutar/ROPES/REP,NOTYETpalstek,.rb,F,2019-05-23,09:50:49,1393
/Users/sixten/SKETCHUP/Knutar/ROPES/REP,untitled,.rb,F,2019-05-24,13:26:49,1495
/Users/sixten/SKETCHUP/Knutar/ROPES/REP,cccccc,.rb,F,2019-06-12,12:48:26,599
/Users/sixten/SKETCHUP/Knutar/ROPES/REP,verify_boj,.rb,F,2019-06-12,12:55:36,862
/Users/sixten/SKETCHUP/Knutar/ROPES/REP,dict,.rb,F,2019-05-21,09:25:11,715
/Users/sixten/SKETCHUP/Knutar/ROPES/REP,verify_platt_ny,.rb,F,2019-06-12,12:18:53,672
/Users/sixten/SKETCHUP/Knutar/ROPES/REP,splineskisser2,.nb,F,2019-06-17,22:09:48,32944
/Users/sixten/SKETCHUP/Knutar/ROPES/REP,bbbbb,.rb,F,2019-06-08,21:57:20,1677
/Users/sixten/SKETCHUP/Knutar/ROPES/REP,0dict,.rb,F,2019-05-19,22:41:52,381
/Users/sixten/SKETCHUP/Knutar/ROPES/REP,verify_bod,.rb,F,2019-06-06,10:19:33,910
/Users/sixten/SKETCHUP/Knutar/ROPES/REP,eskima,.rb,F,2019-06-12,22:02:16,2382
/Users/sixten/SKETCHUP/Knutar/ROPES/REP,splineskisser,.nb,F,2019-06-19,14:24:42,142638
/Users/sixten/SKETCHUP/Knutar/ROPES/REP,SplineFrenet,.nb,F,2019-07-12,22:22:13,80981
/Users/sixten/SKETCHUP/Knutar/ROPES/REP,verify_platt,.rb,F,2019-06-08,21:45:49,870
/Users/sixten/SKETCHUP/Knutar/ROPES/REP,verify_spiral_ny,.rb,F,2019-06-12,13:05:49,1183
/Users/sixten/SKETCHUP/Knutar/ROPES/REP,verify_bod_from_config,.rb,F,2019-06-07,10:25:41,1089
/Users/sixten/SKETCHUP/Knutar/ROPES/REP,artelleri1,.rb,F,2019-06-16,21:36:29,3289
/Users/sixten/SKETCHUP/Knutar/ROPES/REP,aaauntitled,.rb,F,2019-05-24,15:32:17,1500
/Users/sixten/SKETCHUP/Knutar/ROPES/REP,verify_bod_ny,.rb,F,2019-06-12,13:09:43,910
/Users/sixten/SKETCHUP/Knutar/ROPES/REP,verify_spiral,.rb,F,2019-06-07,16:24:39,1113
/Users/sixten/SKETCHUP/Knutar/ROPES/REP,eskima_ny,.rb,F,2019-06-13,12:56:26,2386
/Users/sixten/SKETCHUP/Knutar/ROPES,cls_rak,.rb,F,2019-06-14,19:05:45,1949
/Users/sixten/SKETCHUP/Knutar/ROPES,mein,.rb,F,2019-06-14,21:53:12,10760
/Users/sixten/SKETCHUP/Knutar/ROPES,mod_funcs,.rb,F,2019-06-13,12:56:40,6332
/Users/sixten/SKETCHUP/Knutar/ROPES,cls_dum,.rb,F,2019-06-14,18:59:22,2475
/Users/sixten/SKETCHUP/Knutar/ROPES,cls_rep.rb,.bak,F,2019-04-22,18:00:19,1233
/Users/sixten/SKETCHUP/Knutar/ROPES,cls_platt (original),.rb,F,2019-06-14,21:41:08,6641
/Users/sixten/SKETCHUP/Knutar/ROPES,skotstek,.rb,F,2019-06-11,09:21:05,6281
/Users/sixten/SKETCHUP/Knutar/ROPES,verify_trans,.rb,F,2019-06-03,14:14:35,6971
/Users/sixten/SKETCHUP/Knutar/ROPES,cls_rak.rb,.bak,F,2019-04-18,21:47:24,826
/Users/sixten/SKETCHUP/Knutar/ROPES,igen,.nb,F,2019-07-12,22:19:51,256026
/Users/sixten/SKETCHUP/Knutar/ROPES,Optimize-1,.m,F,2003-01-06,14:38:06,6821
/Users/sixten/SKETCHUP/Knutar/ROPES,cls_boj,.rb,F,2019-06-07,12:31:33,2199
/Users/sixten/SKETCHUP/Knutar,funk1,.nb,F,2019-04-14,23:01:57,6911
/Users/sixten/SKETCHUP/Knutar,verify_mjukcirkel,.rb,F,2019-04-15,09:05:56,757
/Users/sixten/SKETCHUP/Knutar,verify_circleFromTangentsAndTangentsIntersection.rb,.bak,F,2019-04-15,12:30:06,517
/Users/sixten/SKETCHUP/Knutar,exempelgroups.rb,.bak,F,2019-04-15,15:22:16,1321
/Users/sixten/SKETCHUP/Knutar,verify_circtantanintersect,.rb,F,2019-04-16,17:00:03,524
/Users/sixten/SKETCHUP/Knutar,verify_bergochdal,.rb,F,2019-05-03,08:35:17,3049
/Users/sixten/SKETCHUP/Knutar,verify_funk1,.rb,F,2019-04-15,09:04:20,1729
/Users/sixten/SKETCHUP/Knutar,func_funk1,.rb,F,2019-04-16,16:20:56,817
/Users/sixten/SKETCHUP/Knutar,verify_funk1.rb,.bak,F,2019-04-15,08:03:34,1730
/Users/sixten/SKETCHUP/Knutar,func_mjukcircel,.rb,F,2019-04-16,16:13:25,1228
/Users/sixten/SKETCHUP/Knutar,bergochdal,.rbz,F,2019-04-12,15:55:44,4160
/Users/sixten/SKETCHUP/Knutar,bergochdal.rb,.bak,F,2019-04-17,12:07:10,12509
/Users/sixten/SKETCHUP/Knutar,verify_mjukcirkel.rb,.bak,F,2019-04-15,09:05:56,757
/Users/sixten/SKETCHUP/Knutar,bezier,.rb,F,2019-04-12,14:25:33,13866
/Users/sixten/SKETCHUP/Knutar,BERGOCHDALDOCUM~,.skp,F,2019-04-14,10:54:34,138440
/Users/sixten/SKETCHUP/Knutar,exempelgroups,.rb,F,2019-04-15,15:22:16,1321
/Users/sixten/SKETCHUP/Knutar,funk1.rb,.bak,F,2019-04-15,07:47:33,1667
/Users/sixten/SKETCHUP/Knutar,bergochdalinteraktiv,.rb,F,2019-04-17,12:07:10,12509
/Users/sixten/SKETCHUP/Knutar,WireTool,.rb,F,2019-04-12,14:57:02,19182
/Users/sixten/SKETCHUP/Knutar,BERGOCHDALDOCUM,.skp,F,2019-04-14,11:14:02,135994
/Users/sixten/SKETCHUP/Knutar,ae_WireTool,.rb,F,2019-04-12,14:54:45,453
/Users/sixten/SKETCHUP,PARTS,,D,2021-12-09,11:43:11,160
/Users/sixten/SKETCHUP/PARTS,INFRA,.skp,F,2006-11-11,16:09:25,183952
/Users/sixten/SKETCHUP/PARTS,Material structure interface,.doc,F,2004-03-09,13:07:48,206336
/Users/sixten/SKETCHUP/PARTS,INFRANY,.skp,F,2006-11-14,23:02:54,211771
/Users/sixten/SKETCHUP,IVA,,D,2021-11-18,21:06:29,192
/Users/sixten/SKETCHUP/IVA,iva copy,.skp,F,2009-03-23,20:56:39,4065323
/Users/sixten/SKETCHUP/IVA,3,.skp,F,2010-04-04,19:38:49,3677329
/Users/sixten/SKETCHUP/IVA,Run1,.skp,F,2011-06-19,17:58:26,71786
/Users/sixten/SKETCHUP/IVA,IVA,.skp,F,2009-06-11,19:27:43,635895
/Users/sixten/SKETCHUP,Run1,.skp,F,2011-06-19,18:17:02,74719
/Users/sixten/SKETCHUP,JennysBadrum,,D,2021-11-18,21:06:29,128
/Users/sixten/SKETCHUP/JennysBadrum,Serenity-wavy_1059,.jpg,F,2013-11-19,11:02:41,10655
/Users/sixten/SKETCHUP/JennysBadrum,JennysBad,.skp,F,2013-11-25,15:15:47,261695
/Users/sixten/SKETCHUP,Suspension,,D,2021-11-18,21:06:29,96
/Users/sixten/SKETCHUP/Suspension,suspension,.skp,F,2007-02-15,20:19:20,160045
/Users/sixten/SKETCHUP,ProvMedRuby,,D,2021-11-18,21:06:29,128
/Users/sixten/SKETCHUP/ProvMedRuby,ETT,.skp,F,2019-04-10,12:04:36,136011
/Users/sixten/SKETCHUP/ProvMedRuby,ETT,.rb,F,2019-04-10,12:05:40,217
